Series Name,Series Code,Country Name,Country Code,1990 [YR1990],2000 [YR2000],2009 [YR2009],2010 [YR2010],2011 [YR2011],2012 [YR2012],2013 [YR2013],2014 [YR2014],2015 [YR2015],2016 [YR2016],2017 [YR2017],2018 [YR2018]
GDP (current US$),NY.GDP.MKTP.CD,Afghanistan,AFG,..,..,12439087076.7667,15856574731.4411,17804280538.1102,20001615788.6719,20561054090.3995,20484873230.2111,19907111418.9938,19362642266.6484,20191764940.1602,19362969582.3643
GDP (current US$),NY.GDP.MKTP.CD,Albania,ALB,2028553750,3480355188.60063,12044208085.864,11926953213.6961,12890866742.6533,12319784886.2038,12776280961.155,13228247844.1247,11386931489.7968,11861352704.87,13025062195.7906,15058879128.6536
GDP (current US$),NY.GDP.MKTP.CD,Algeria,DZA,62045099642.7774,54790245600.5846,137211039898.193,161207268655.392,200019057307.655,209058991952.125,209755003250.664,213810022462.428,165979277276.907,160129866569.935,167555280113.181,180689115940.685
GDP (current US$),NY.GDP.MKTP.CD,American Samoa,ASM,..,..,678000000,576000000,574000000,644000000,641000000,643000000,661000000,653000000,634000000,..
GDP (current US$),NY.GDP.MKTP.CD,Andorra,AND,1029048481.88051,1434429703.33518,3660530702.97305,3355695364.23841,3442062830.13622,3164615186.94591,3281585236.32501,3350736367.25488,2811489408.89431,2877311946.90265,3013387423.93509,3236543909.34844
GDP (current US$),NY.GDP.MKTP.CD,Angola,AGO,11228764963.1618,9129594818.60749,70307163678.238,83799496611.2004,111789686464.441,128052853643.106,136709862831.194,145712200312.505,116193649124.151,101123851090.455,122123822333.591,105750987618.63
GDP (current US$),NY.GDP.MKTP.CD,Antigua and Barbuda,ATG,459469058.888889,830158777.777778,1224253000,1152469074.07407,1142042925.92593,1211411703.7037,1192919629.62963,1275576777.77778,1359194740.74074,1464630213.33333,1510084750.74074,1623804016.2963
GDP (current US$),NY.GDP.MKTP.CD,Argentina,ARG,141352368714.691,284203750000,332976484577.619,423627422092.49,530163281574.658,545982375701.128,552025140252.246,526319673731.638,594749285413.212,557531376217.967,642695864756.35,518475134084.357
GDP (current US$),NY.GDP.MKTP.CD,Armenia,ARM,2256838858.42714,1911563665.39006,8647936747.98704,9260284937.79782,10142111334.4961,10619320048.5857,11121465767.4067,11609512939.7543,10553337672.9872,10546135160.031,11527458565.7334,12433089919.0459
GDP (current US$),NY.GDP.MKTP.CD,Aruba,ABW,764887117.194486,1873452513.96648,2498882681.56425,2390502793.29609,2549720670.39106,2534636871.50838,2581564245.81006,2649720670.39106,2691620111.73184,2646927374.30168,2700558659.21788,..
GDP (current US$),NY.GDP.MKTP.CD,Australia,AUS,310774913428.242,415222633925.768,927805183330.879,1146138465603.81,1396649906339.35,1546151783872.96,1576184467015.49,1467483705131.74,1351520093185.79,1210028388411.7,1330803227996.08,1432195178668.32
GDP (current US$),NY.GDP.MKTP.CD,Austria,AUT,166463386663.439,196799778883.361,400172297860.517,391892746544.69,431120310088.82,409425234155.263,430068712971.867,441996131736.508,381805676697.707,394052818287.788,416835975862.194,455736580716.185
GDP (current US$),NY.GDP.MKTP.CD,Azerbaijan,AZE,8858006035.91566,5272617196.04517,44291490420.5026,52902703376.1056,65951627200.2026,69683935845.2138,74164435946.4627,75244294275.1498,53074468085.1064,37867518957.1975,40865558912.3867,46939529411.7647
GDP (current US$),NY.GDP.MKTP.CD,"Bahamas, The",BHS,3166000000,8076470000,9981960000,10095760000,10070450000,10720500000,10627600000,10957300000,11792300000,11838800000,12162100000,..
GDP (current US$),NY.GDP.MKTP.CD,Bahrain,BHR,4229787234.04255,9062906914.89362,22938218085.1064,25713271276.5957,28776595744.6809,30749308510.6383,32539547872.3404,33387712765.9575,31125851063.8298,32250132978.7234,35432686170.2128,37746196808.5106
GDP (current US$),NY.GDP.MKTP.CD,Bangladesh,BGD,31598341233.559,53369787318.6245,102477791472.39,115279077465.226,128637938711.386,133355749482.478,149990451022.29,172885454931.453,195078678697.23,221415188000.475,249723862487.361,274024958965.892
GDP (current US$),NY.GDP.MKTP.CD,Barbados,BRB,2023318251.8769,3121500000,4479950000,4529900000,4660900000,4656350000,4612500000,4608350000,4584150000,4529050000,4673500000,..
GDP (current US$),NY.GDP.MKTP.CD,Belarus,BLR,21650000000,12736856827.9847,50874078052.2735,58665088956.0255,61757788944.7236,65685102554.8759,75527984234.2342,78813839984.3506,56454734396.5842,47722657820.6675,54726595249.1849,59662495092.2654
GDP (current US$),NY.GDP.MKTP.CD,Belgium,BEL,206430841501.69,237904919845.218,484552792442.345,483548031197.108,527008453886.929,497884216568.867,520925468952.938,530808391525.11,455940347170.37,469677213719.194,494901708704.269,531766935070.733
GDP (current US$),NY.GDP.MKTP.CD,Belize,BLZ,412086445.492177,832072450,1335217500,1396731700,1486595750,1563827850,1608442150,1692955750,1762500450,1806646250,1862614800,1925000000
GDP (current US$),NY.GDP.MKTP.CD,Benin,BEN,1959965243.76269,2569186642.86999,7097198711.61023,6970240895.49888,7814081155.64988,8152554487.31321,9157355679.70205,9707432015.61441,8291155880.59505,8573159696.61128,9246696923.66155,10358985583.235
GDP (current US$),NY.GDP.MKTP.CD,Bermuda,BMU,1592400000,3480219000,5806378000,5744414000,5550771000,5537537000,5573710000,..,..,..,..,..
GDP (current US$),NY.GDP.MKTP.CD,Bhutan,BTN,299787275.842376,439158233.199822,1264758197.96593,1585472534.10547,1820207625.80217,1823692109.61652,1798333725.83954,1976938529.72743,2059809919.89325,2219675780.89539,2528007911.35353,2534965162.78084
GDP (current US$),NY.GDP.MKTP.CD,Bolivia,BOL,4867582620.20708,8397912509.09679,17339992165.2422,19649631450.6819,23963033588.0063,27084497539.7974,30659338784.3705,32996188133.1404,33000198263.3864,33941126193.9219,37508642257.5977,40287647756.8741
GDP (current US$),NY.GDP.MKTP.CD,Bosnia and Herzegovina,BIH,..,5505887894.48893,17613836209.9581,17176781336.7644,18644723860.9709,17226849297.07,18178503835.4491,18558343508.3435,16211541253.1897,16913330693.9653,18080118128.3854,19781776101.3881
GDP (current US$),NY.GDP.MKTP.CD,Botswana,BWA,3790567051.86778,5788329609.15755,10267133177.7334,12786654365.8738,15351972229.5341,16067155187.0375,14901750764.9811,16250750259.0212,14420604205.7459,15646323340.5497,17406565823.2986,18616018903.4434
GDP (current US$),NY.GDP.MKTP.CD,Brazil,BRA,461951782000,655420645476.906,1667019783585.08,2208871646202.82,2616201578192.25,2465188674415.03,2472806456101.29,2455994050148.75,1802214373741.32,1796275437087.99,2053594973992.61,1868626087908.48
GDP (current US$),NY.GDP.MKTP.CD,British Virgin Islands,VGB,..,..,..,..,..,..,..,..,..,..,..,..
GDP (current US$),NY.GDP.MKTP.CD,Brunei Darussalam,BRN,3520551724.13793,6001153306.2645,10732366286.2643,13707370737.0737,18525319977.7407,19048495518.5659,18093829923.2737,17098342541.4365,12930394937.8137,11400653949.1783,12128088999.9276,13567099497.8279
GDP (current US$),NY.GDP.MKTP.CD,Bulgaria,BGR,20632090909.0909,13153016530.8718,51884481410.3931,50610058210.3696,57418414504.0882,53903022339.0276,55555171009.772,56814543481.2102,50201314894.5817,53240950226.2443,58220973782.7715,65132951116.4756
GDP (current US$),NY.GDP.MKTP.CD,Burkina Faso,BFA,3101301780.95067,2628920056.10098,8369175126.25316,8979966766.07232,10724063457.8326,11166063466.5623,11947176341.9966,12377391462.6377,10419303761.3524,10886363726.8422,12322864244.9183,14441763758.6919
GDP (current US$),NY.GDP.MKTP.CD,Burundi,BDI,1132101252.51817,870486065.883137,1781455092.07114,2032135246.50004,2235820867.82743,2333308099.46249,2451625332.74584,2705783272.07443,3104394858.11518,2959185295.39019,3172416146.3921,3078029929.10347
GDP (current US$),NY.GDP.MKTP.CD,Cabo Verde,CPV,306891107.262039,539227277.626411,1711817181.52969,1664310769.55229,1864824080.69256,1751888561.72747,1850470042.43281,1859898513.26858,1596800287.16405,1662998677.88425,1771235958.20125,1986928611.73543
GDP (current US$),NY.GDP.MKTP.CD,Cambodia,KHM,..,3677897739.07628,10401851850.6108,11242275198.9783,12829541141.0127,14054443213.4639,15227991395.2201,16702610842.4025,18049954289.4229,20016747754.0192,22177200511.5811,24571753583.4922
GDP (current US$),NY.GDP.MKTP.CD,Cameroon,CMR,11151578050.7356,10083937740.0624,26017925551.8426,26143818509.6421,29337006833.0825,29104437355.0395,32348149947.3727,34942948737.3967,30916218544.4404,32621535418.9031,34922782310.6416,38502059858.4389
GDP (current US$),NY.GDP.MKTP.CD,Canada,CAN,593929550908.468,742295468318.632,1371153004986.44,1613542812589.39,1789140665202.84,1823966686523.63,1842018420853.1,1801480123070.82,1552899925233.71,1526705529135.32,1646867220617.47,1709327324240.04
GDP (current US$),NY.GDP.MKTP.CD,Cayman Islands,CYM,..,..,..,..,..,..,..,..,..,..,3570575151.26723,..
GDP (current US$),NY.GDP.MKTP.CD,Central African Republic,CAF,1440711395.67069,914500299.097034,2059094048.26019,2140503193.16261,2434792412.50855,2510270267.72918,1700627479.55631,1904794555.18138,1709221159.20294,1844714794.83758,2167501639.76783,2379716827.4977
GDP (current US$),NY.GDP.MKTP.CD,Chad,TCD,1738605558.05432,1385058161.76746,9253484108.49701,10657705536.4978,12156380425.0825,12368071038.7362,12949854262.8127,13922223233.5184,10945989471.6286,10090922857.3905,9975692095.40855,11302544204.9904
GDP (current US$),NY.GDP.MKTP.CD,Channel Islands,CHI,..,6439703434.71024,..,..,..,..,..,..,..,..,..,..
GDP (current US$),NY.GDP.MKTP.CD,Chile,CHL,33113887817.9731,77860932151.8471,172389498444.621,218537551220.071,252251992029.442,267122320056.702,278384332694.359,260541637327.864,243919079437.22,250339876460.228,277746457909.868,298231139609.448
GDP (current US$),NY.GDP.MKTP.CD,China,CHN,360857912565.966,1211346869605.24,5101702432883.45,6087164527421.24,7551500425597.77,8532230724141.76,9570405758739.79,10438529153237.6,11015542352468.9,11137945669350.6,12143491448186.1,13608151864637.9
GDP (current US$),NY.GDP.MKTP.CD,Colombia,COL,47844090709.9908,99886577330.7271,232494134119.684,286103648654.545,334454039093.586,370574421703.06,381866608838.8,381112119657.445,293481748240.779,282825009887.458,311789874617.096,330227866233.324
GDP (current US$),NY.GDP.MKTP.CD,Comoros,COM,429622147.743446,350264287.687331,901711442.285944,907093130.313521,1021746833.42573,1015901205.42028,1115906341.77727,1148058015.47633,988150249.533688,1024261820.6281,1068124329.86257,1203080507.99878
GDP (current US$),NY.GDP.MKTP.CD,"Congo, Dem. Rep.",COD,9349764580.36997,19088046305.7971,18648373312.3884,21565720044.4529,25839749198.7761,29306235826.376,32679745297.6503,35909040265.9532,37917704900.1192,37134799974.4735,38019265625.856,47227535290.9405
GDP (current US$),NY.GDP.MKTP.CD,"Congo, Rep.",COG,2798746050.58228,3219910550.39332,9593537550.75063,12007880438.6232,14425607179.6639,13677930123.5919,14085851348.069,14177437982.2619,8553154580.39951,9035848070.90357,8701334800.21976,11263682694.0393
GDP (current US$),NY.GDP.MKTP.CD,Costa Rica,CRI,5711687786.75989,14949514493.4226,30562363429.7626,37268616183.9711,42262694503.9644,46473131798.8916,49745084869.7148,50577769785.0761,54775997555.6182,57157995872.6843,58174550211.5503,60126014828.5951
GDP (current US$),NY.GDP.MKTP.CD,Cote d'Ivoire,CIV,10795850106.9547,10717022462.6859,24277494337.4,24884503950.6812,25381615976.0786,26790577891.2905,31264184740.6082,35316494573.681,33131113901.4803,35296979104.0186,38053610009.4172,43007045466.3406
GDP (current US$),NY.GDP.MKTP.CD,Croatia,HRV,..,21774273832.1031,62779128128.3747,59865977191.7061,62399478246.2247,56548374544.8951,58157880646.4618,57682343707.5954,49519006809.2676,51623429121.3635,55201417479.3925,60805659436.216
GDP (current US$),NY.GDP.MKTP.CD,Cuba,CUB,28645436569.1489,30565400000,62080000000,64328000000,68990000000,73141000000,77148000000,80656000000,87133000000,91370000000,96851000000,..
GDP (current US$),NY.GDP.MKTP.CD,Curacao,CUW,..,..,..,..,3038699608.93855,3131096089.38548,3147616201.11732,3158406033.51955,3151910782.1229,3122287932.96089,3116610111.73184,..
GDP (current US$),NY.GDP.MKTP.CD,Cyprus,CYP,5591130217.66965,9985843543.82658,25942664629.0636,25562264900.6622,27426994717.8204,25041397918.5404,24084559214.0202,23364707443.2798,19680625485.1946,20453761061.9469,22141864998.8731,24469841831.9169
GDP (current US$),NY.GDP.MKTP.CD,Czech Republic,CZE,40477403219.5176,61649492816.5201,206179982164.402,207477857918.919,227948349666.354,207376427020.815,209402444996.104,207818330723.835,186829940545.759,195090272402.729,215913545038.43,244105215927.35
GDP (current US$),NY.GDP.MKTP.CD,Denmark,DNK,138247261092.977,164158800460.219,321241396034.248,321995350346.501,344003209695.606,327148899962.146,343584385594.132,352993633221.281,302673037998.602,311988101661.744,329865537183.47,351299591462.907
GDP (current US$),NY.GDP.MKTP.CD,Djibouti,DJI,452328087.282876,551230861.856506,1049110684.72493,1128611700.3618,1239144501.77525,1353632941.5207,1324733711.82922,1455035088.74594,1633741922.68737,1764268468.93991,1844674434.50371,1965982321.62953
GDP (current US$),NY.GDP.MKTP.CD,Dominica,DMA,201428730,333468888.888889,489074333.333333,493824413.333333,501025303.333333,485997988.148148,501979134.444444,523540777.777778,540830670,575468234.444445,496726248.518519,503646211.111111
GDP (current US$),NY.GDP.MKTP.CD,Dominican Republic,DOM,7073675544.80847,24305116729.1851,48376555305.6902,53982886258.2205,57811180659.4545,60657780260.6792,62661773591.7203,66065015410.0468,68802092020.9448,72342967648.3354,75931656814.657,81298585403.3004
GDP (current US$),NY.GDP.MKTP.CD,Ecuador,ECU,15239278100.3502,18327764882.4412,62519686000,69555367000,79276664000,87924544000,95129659000,101726331000,99290381000,99937696000,104295862000,108398058000
GDP (current US$),NY.GDP.MKTP.CD,"Egypt, Arab Rep.",EGY,42978914311.3504,99838543960.0763,188982374700.805,218888324504.753,236001858960.015,279372758361.832,288586231501.877,305529656458.438,332698041030.807,332927833278.038,235369129337.711,250895469644.498
GDP (current US$),NY.GDP.MKTP.CD,El Salvador,SLV,4817542204.02673,11784927700,17601616000,18447920000,20283780000,21386160000,21990970000,22593470000,23438240000,24154120000,24927970000,26056950000
GDP (current US$),NY.GDP.MKTP.CD,Equatorial Guinea,GNQ,112119406.548331,1045998496.43872,15027795173.2187,16298542027.9965,21329395900.871,22389626329.3369,21942597765.3631,21736500712.9638,13180195435.1132,11233177619.4663,12289913729.3358,13317453070.3876
GDP (current US$),NY.GDP.MKTP.CD,Eritrea,ERI,..,706370815.584416,1856695551.21951,2117039512.19512,2607739837.39837,..,..,..,..,..,..,..
GDP (current US$),NY.GDP.MKTP.CD,Estonia,EST,..,5685774808.80862,19652492636.8436,19490936349.1753,23170239900.7654,23043864510.0543,25137153149.4377,26615854605.2787,22904456871.8171,23984296770.8115,26611651598.9453,30284890757.0585
GDP (current US$),NY.GDP.MKTP.CD,Eswatini,SWZ,1114703088.1614,1738100853.05052,3580417066.92472,4438778424.30203,4820499924.2539,4823831656.51644,4560713073.91948,4377293816.28535,4020275298.02726,3817430000,4433664364.24725,4703787506.89153
GDP (current US$),NY.GDP.MKTP.CD,Ethiopia,ETH,12175166763.285,8242392103.68061,32437389116.038,29933790334.3418,31952763089.33,43310721414.0829,47648211133.2183,55612228233.5179,64464547915.2698,74271281810.8189,81716326730.819,84355462494.0837
GDP (current US$),NY.GDP.MKTP.CD,Faroe Islands,FRO,..,1058702725.4395,2268387770.71014,2320424601.26954,2490807830.57351,2366301251.61847,2627049837.08135,2850743875.2784,2518096285.61661,2689157270.82312,..,..
GDP (current US$),NY.GDP.MKTP.CD,Fiji,FJI,1337024782.22702,1684109743.49338,2870624635.68032,3140508835.9485,3774530615.65916,3972012570.53467,4190143206.25611,4856963251.97477,4682546881.15833,4926740193.66773,5270335184.70768,5479504926.19335
GDP (current US$),NY.GDP.MKTP.CD,Finland,FIN,141517648888.198,125539893126.958,251499027507.641,247799815768.477,273674236772.815,256706466091.089,269980111642.898,272609288689.575,232850788304.513,239009517793.721,252301837573.029,275683141235.383
GDP (current US$),NY.GDP.MKTP.CD,France,FRA,1269179616913.63,1362248940482.77,2690222283967.77,2642609548930.36,2861408170264.61,2683825225092.63,2811077725703.59,2852165760630.27,2438207896251.84,2471285607081.72,2586285406561.51,2777535239277.98
GDP (current US$),NY.GDP.MKTP.CD,French Polynesia,PYF,3181206304.81549,3447543137.9415,..,..,..,..,..,..,..,..,..,..
GDP (current US$),NY.GDP.MKTP.CD,Gabon,GAB,5952293765.84468,5067865320.7979,12065138272.7538,14358584300.3006,18186478119.9582,17171447372.3334,17590745162.1326,18179752009.7489,14377324797.637,14014369641.7689,14892609693.1667,17017401831.9223
GDP (current US$),NY.GDP.MKTP.CD,"Gambia, The",GMB,317083373.524559,782915402.421095,900639534.010899,951806368.699129,898290989.936018,910026155.731035,1367041585.0891,1259063630.69993,1394149615.82075,1442298542.08538,1489464787.85603,1624464137.00149
GDP (current US$),NY.GDP.MKTP.CD,Georgia,GEO,7753501867.76095,3057424694.29661,10766776414.2472,11638500813.5555,14434568633.2642,15846484587.9004,16140014428.2794,16509316418.4176,13993566297.9774,14378036929.0573,15081330942.4188,16209818081.3701
GDP (current US$),NY.GDP.MKTP.CD,Germany,DEU,1764967948916.6,1949953934033.54,3418005001389.27,3417094562648.95,3757698281117.55,3543983909148.01,3752513503278.41,3898726503841.35,3381389338658.82,3495162856297.22,3693204332229.78,3996759291057.81
GDP (current US$),NY.GDP.MKTP.CD,Ghana,GHA,5889174825.487,4983024408.14828,25977847813.7422,32174772955.9748,39566292432.8615,41939728978.7281,63277216921.436,53601126665.1424,49181854795.298,55009730589.4447,58996776244.424,65556464056.4301
GDP (current US$),NY.GDP.MKTP.CD,Gibraltar,GIB,..,..,..,..,..,..,..,..,..,..,..,..
GDP (current US$),NY.GDP.MKTP.CD,Greece,GRC,97891090928.6328,130133845771.144,330000252153.376,299361576558.217,287797822093.178,245670666639.047,239862011450.103,237029579260.722,196591353761.226,195222443512.937,203085551429.132,218031844583.994
GDP (current US$),NY.GDP.MKTP.CD,Greenland,GRL,1018970364.86443,1068030829.75591,2529948329.57153,2503156060.52524,2684467375.71479,2609667673.71601,2684952726.88425,2842048997.77283,2499115623.00272,2713534471.23312,..,..
GDP (current US$),NY.GDP.MKTP.CD,Grenada,GRD,278098762.962963,520044370.37037,771275555.555555,771013259.259259,778655925.925926,799882259.259259,842620111.111111,911497407.407407,997007925.925926,1061631222.22222,1126882296.2963,1207454555.55556
GDP (current US$),NY.GDP.MKTP.CD,Guam,GUM,..,..,4781000000,4895000000,4928000000,5199000000,5336000000,5538000000,5710000000,5793000000,5859000000,..
GDP (current US$),NY.GDP.MKTP.CD,Guatemala,GTM,7650125217.35253,19288827158.9035,37734072278.3802,41338521637.6882,47654783851.8252,50388460924.7345,53851148431.9316,58722323918.1604,63767597193.9175,68663653469.1246,75620095537.5005,78460447919.9915
GDP (current US$),NY.GDP.MKTP.CD,Guinea,GIN,2666616176.91609,2995360969.16199,6716904568.75769,6853467857.6196,6785137172.76517,7638045254.43072,8376613843.27475,8778473614.54971,8794202443.67754,8604520929.47352,9915311049.15133,10989790256.3533
GDP (current US$),NY.GDP.MKTP.CD,Guinea-Bissau,GNB,243961995.509785,370173838.651652,826798659.766283,849050127.504407,1098379391.95039,989327811.785114,1045790132.98518,1053512334.17271,1047808175.00057,1178204501.38801,1346841897.00437,1458156026.13413
GDP (current US$),NY.GDP.MKTP.CD,Guyana,GUY,396582263.291139,712667896.727512,2061323853.88576,2273225041.96217,2576024115.57832,2861562265.88301,2987684170.24434,3077643313.70623,3197225181.59806,3504024213.07506,3555205811.13802,3610435298.87019
GDP (current US$),NY.GDP.MKTP.CD,Haiti,HTI,3096289800,3953846310.66081,6584649419.28348,6622541528.56888,7516834160.25277,7890216507.68913,8452509315.87722,8776350789.5993,8724656126.49849,7975563430.00341,8408252995.16143,9658084644.22796
GDP (current US$),NY.GDP.MKTP.CD,Honduras,HND,4923009551.51561,7103507989.05044,14486137413.5468,15729644901.1305,17588097149.7619,18400538970.1119,18372173610.6685,19618567447.2199,20833948912.2897,21566622849.6057,22940179173.6147,23803230472.6372
GDP (current US$),NY.GDP.MKTP.CD,"Hong Kong SAR, China",HKG,76928290841.8701,171668164082.555,214046415026.187,228637697575.04,248513617677.287,262629441493.476,275696879834.966,291459356985.337,309383627028.561,320860698504.309,341648103474.824,362992536837.405
GDP (current US$),NY.GDP.MKTP.CD,Hungary,HUN,..,47310623887.2319,130593960612.172,130922638689.071,140782064609.187,127856647107.82,135220881110.441,140082504424.588,123074092703.141,126007978024.32,139761138102.757,155703069815.638
GDP (current US$),NY.GDP.MKTP.CD,Iceland,ISL,6478459746.96228,9003639475.42485,13164652894.2464,13683689802.2771,15158548597.3876,14724078264.24,16033517529.2506,17758089312.4856,17344165907.2129,20716024757.4057,24489493459.0074,25878475760.1131
GDP (current US$),NY.GDP.MKTP.CD,India,IND,320979034101.132,468394948471.616,1341886699393.18,1675615312693.42,1823049927771.46,1827637859135.7,1856722121394.53,2039127446298.55,2103587813812.75,2290432075123.75,2652551202555.27,2726322616821.31
GDP (current US$),NY.GDP.MKTP.CD,Indonesia,IDN,106140727357.035,165021012077.81,539580085612.401,755094160363.073,892969107923.097,917869910105.748,912524136718.019,890814755233.225,860854235065.079,931877364177.742,1015423455783.28,1042173300625.55
GDP (current US$),NY.GDP.MKTP.CD,"Iran, Islamic Rep.",IRN,124813263926.246,109591707802.233,414059094949.063,487069570463.768,583500357530.414,598853401276.101,467414852231.299,434474616831.914,385874474398.59,418976679728.567,454012768723.589,..
GDP (current US$),NY.GDP.MKTP.CD,Iraq,IRQ,179885815374.719,..,111660855042.735,138516722649.573,185749664444.444,218000986222.639,234648370497.427,234648370497.427,177498577312.923,170219966159.052,193158783783.784,225914183047.981
GDP (current US$),NY.GDP.MKTP.CD,Ireland,IRL,49364679953.1067,99852958356.3663,236316405946.096,222134042030.2,237907714639.4,225128651298.079,238890278093.278,259101611738.068,291092489805.942,302242900803.522,331430014003.047,375902683115.574
GDP (current US$),NY.GDP.MKTP.CD,Isle of Man,IMN,..,1563667799.61578,5487083657.89064,5920177688.50433,6566098381.6696,6433357030.0158,6754330154.76004,7428280401.5139,6792417112.29947,6592627599.24386,..,..
GDP (current US$),NY.GDP.MKTP.CD,Israel,ISR,58925374365.3343,132243719324.062,207451779086.031,233732926323.391,261716880681.784,257435001991.474,292917010877.217,310007879343.474,300470790394.923,319377923613.703,353268411918.577,369690434708.801
GDP (current US$),NY.GDP.MKTP.CD,Italy,ITA,1177326294440.85,1141759996314.72,2185160183384.27,2125058244242.92,2276292404600.52,2072823157059.76,2130491320658.68,2151732868243.21,1832273032580.67,1869201702185.17,1946570340341.13,2073901988878.23
GDP (current US$),NY.GDP.MKTP.CD,Jamaica,JAM,4592224067.37194,8985352831.94058,12067478477.5714,13200286270.4683,14413359665.4275,14798716216.2162,14193012191.4957,13852192273.1357,14145469269.457,14072135208.5664,14781107821.7513,15717858486.9424
GDP (current US$),NY.GDP.MKTP.CD,Japan,JPN,3132817652848.04,4887519660744.86,5231382674593.7,5700098114744.41,6157459594823.72,6203213121334.12,5155717056270.83,4850413536037.84,4389475622588.97,4926667087367.51,4859950558538.97,4970915556638.88
GDP (current US$),NY.GDP.MKTP.CD,Jordan,JOR,4160003917.43258,8460424400.56418,23974612129.7602,26551480959.0973,28932299012.6939,30966149506.347,33675599435.8251,36104372355.4302,37968970380.8181,39252468265.1622,40765867418.8999,42290832157.969
GDP (current US$),NY.GDP.MKTP.CD,Kazakhstan,KAZ,26932728898.8146,18291990619.137,115308661142.927,148047348240.643,192626507971.584,207998568865.789,236634552078.102,221415572819.5,184388432148.715,137278320084.171,162886867831.694,170538870248.194
GDP (current US$),NY.GDP.MKTP.CD,Kenya,KEN,8572359162.85631,12705357103.0056,37021512048.8158,40000088346.8041,41953433591.4101,50412754861.0191,55096728047.9408,61448046801.7207,64007750178.5974,69188755510.9427,78757391333.0088,87908262520.2133
GDP (current US$),NY.GDP.MKTP.CD,Kiribati,KIR,39809538.6776989,67254174.3970315,132420059.273124,156120895.248578,181705002.578649,190243321.598675,185113921.606488,179703443.302686,171117872.436331,178328873.030033,185572501.532802,188284518.828452
GDP (current US$),NY.GDP.MKTP.CD,"Korea, Dem. People’s Rep.",PRK,..,..,..,..,..,..,..,..,..,..,..,..
GDP (current US$),NY.GDP.MKTP.CD,"Korea, Rep.",KOR,279349355713.801,561633125839.994,901934953364.711,1094499338702.72,1202463682633.85,1222807284485.31,1305604981271.91,1411333926201.24,1382764027113.82,1414804158515.26,1530750923148.7,1619423701169.63
GDP (current US$),NY.GDP.MKTP.CD,Kosovo,XKX,..,1849196082.05507,5653792720.20006,5830463576.15894,6691826522.10175,6499935757.42002,7071959638.87414,7386891336.07536,6440612176.999,6714712389.38053,7227764976.79274,7900268735.55547
GDP (current US$),NY.GDP.MKTP.CD,Kuwait,KWT,18427777777.7778,37711864406.7797,105899930507.297,115419050942.08,154027536231.884,174070025008.932,174161142454.161,162631412508.784,114567298105.683,109420059582.92,119551599076.822,141677814569.536
GDP (current US$),NY.GDP.MKTP.CD,Kyrgyz Republic,KGZ,2675000000,1369692689.42855,4690062255.12247,4794357795.07139,6197766118.59856,6605139933.41063,7335027591.91628,7468096566.71158,6678178340.45121,6813092065.83507,7702934800.12836,8092836608.78875
GDP (current US$),NY.GDP.MKTP.CD,Lao PDR,LAO,865559856.1639,1731198022.45494,5832915387.08908,7127792629.58294,8749241114.18913,10191350119.6808,11942230508.334,13268458231.9284,14390391264.2607,15805707154.2329,16853087485.4118,18130724396.3364
GDP (current US$),NY.GDP.MKTP.CD,Latvia,LVA,..,7937758980.30127,26169854045.0375,23757368290.0955,28223552824.7508,28119996053.2511,30254677296.9181,31335013751.5424,26972863393.6384,27695474684.447,30463302413.7289,34849078085.6672
GDP (current US$),NY.GDP.MKTP.CD,Lebanon,LBN,2838485353.96187,17260364842.4544,35477299023.8806,38419626533.9967,40075674295.1907,44230727694.859,46866579767.8275,48296099502.4876,49973893200.6633,51239050082.9187,53393799668.325,56639155555.5556
GDP (current US$),NY.GDP.MKTP.CD,Lesotho,LSO,596415104.549144,887295267.875155,1773199523.2307,2361613519.64159,2787951880.56906,2678475773.44702,2526009062.56797,2614566292.25907,2510312801.2603,2323419617.12079,2578265355.71255,2791762880.25884
GDP (current US$),NY.GDP.MKTP.CD,Liberia,LBR,..,874000000,1768000000,1998000000,2398000000,2721000000,3067000000,3144000000,3177000000,3277826000,3285455000,3249000000
GDP (current US$),NY.GDP.MKTP.CD,Libya,LBY,28901836158.1921,38270206950.41,63028320702.0343,74773444900.5368,34699395523.6073,81873662518.8238,65502870173.7831,41142722414.3351,27842131479.8726,26221660067.6697,38115981878.5647,48319620013.078
GDP (current US$),NY.GDP.MKTP.CD,Liechtenstein,LIE,1421466239.56234,2483953102.79488,4504549214.22663,5082366478.08994,5739977477.47748,5456009384.66461,6391735893.83968,6657170923.37918,6268391521.19701,6214633651.30911,..,..
GDP (current US$),NY.GDP.MKTP.CD,Lithuania,LTU,..,11539211480.3625,37440673477.8982,37120517693.8622,43476873412.803,42848195256.2142,46417340374.5203,48516371720.8346,41516701871.248,42973365745.2891,47544459558.9514,53251369047.3762
GDP (current US$),NY.GDP.MKTP.CD,Luxembourg,LUX,13229247947.8513,21263514833.2412,51370543206.4462,53212476812.2957,60004630234.4135,56677961787.0717,61739352212.3049,66103853236.7572,57204400105.015,58961235412.2227,62316359824.1281,69487922619.3401
GDP (current US$),NY.GDP.MKTP.CD,"Macao SAR, China",MAC,3220920084.77746,6720492405.83611,21475520709.3922,28123640998.7253,36709860068.3445,43031577366.4251,51552075901.5183,55347998647.8196,45361678146.5247,45322259884.1791,50559431846.4989,54545184267.5751
GDP (current US$),NY.GDP.MKTP.CD,Madagascar,MDG,3081479800.28769,3877673539.09084,8550363974.79243,8729936135.74487,9892702357.56691,9919780071.28764,10601690871.7611,10673516672.6664,9744243531.20119,9958655044.98547,11465850504.0067,12100459087.2532
GDP (current US$),NY.GDP.MKTP.CD,Malawi,MWI,1880771556.30474,1743506531.32652,6191127665.1963,6959655570.89098,8004000737.30717,6028487928.83351,5518880768.57955,6047813437.31804,6373212640.84604,5433040159.88747,6303292264.18905,7064971176.34408
GDP (current US$),NY.GDP.MKTP.CD,Malaysia,MYS,44024178343.0071,93789736842.1053,202257586267.556,255016609232.871,297951960784.314,314443149443.149,323277158906.979,338061963396.376,296636282166.176,296753497922.573,314707268049.991,354348422831.193
GDP (current US$),NY.GDP.MKTP.CD,Maldives,MDV,215089005.235602,624337145.284622,2345294875,2588176054.6875,2774351760.03287,2886170571.69634,3295011381.75405,3697351596.83753,4109424799.72407,4414055724.73387,4865546025.86599,5272288442.84566
GDP (current US$),NY.GDP.MKTP.CD,Mali,MLI,2681912030.49384,2954129565.82965,10181021770.4326,10678749467.4697,12978107560.5982,12442747897.2223,13246412031.4145,14345828992.0411,13099495529.7113,14010787737.8424,15339614406.6617,17196688919.9878
GDP (current US$),NY.GDP.MKTP.CD,Malta,MLT,2547163582.33149,4306192435.82207,8528202278.41067,8741059602.64901,9500669014.63601,9211948090.70898,10151192765.7466,11281702719.8057,10701866983.4752,11442612408.8179,12748803180.3035,14542039605.2294
GDP (current US$),NY.GDP.MKTP.CD,Marshall Islands,MHL,78476000,110937700,152617500,164969100,173260300,185210500,190800800,183121300,179697900,194497900,204173400,211523642.4
GDP (current US$),NY.GDP.MKTP.CD,Mauritania,MRT,1019600785.27212,1293654175.2102,3662282133.18962,4337794151.37698,5166346516.40948,5231255478.38986,5639818811.90095,5372783879.75886,4832547925.29075,4727937032.27564,4975432190.51025,5365868725.27374
GDP (current US$),NY.GDP.MKTP.CD,Mauritius,MUS,2653480001.34558,4663313618.18946,9128843109.15588,10003670690.3497,11518393367.2403,11668685524.1265,12129642296.4425,12803445933.5894,11692287066.381,12232463655.5727,13259351418.4459,14220348672.7333
GDP (current US$),NY.GDP.MKTP.CD,Mexico,MEX,261253582805.945,707906744574.644,900045350649.351,1057801295584.05,1180489601957.61,1201089987015.45,1274443084716.57,1314563967425.24,1170564619927.69,1077827944342.35,1158071006809.62,1223808885585.61
GDP (current US$),NY.GDP.MKTP.CD,"Micronesia, Fed. Sts.",FSM,147200000,233226300,279966700,296525300,310502100,326128700,316040600,317999400,315179700,329895600,336427500,344501760
GDP (current US$),NY.GDP.MKTP.CD,Moldova,MDA,..,1288429391.79951,5439422031.39627,6974960345.3712,8414360656.29632,8709165249.26928,9496684701.43325,9510219299.49557,7745231660.33425,8071480540.86068,9669759987.02633,11309082555.1568
GDP (current US$),NY.GDP.MKTP.CD,Monaco,MCO,2481316053.85316,2647883815.57966,5451653237.01028,5362649006.62252,6080344731.72088,5743029680.07195,6553372278.27934,7060236168.2367,6258178995.23123,6468252212.38938,6400946585.53076,..
GDP (current US$),NY.GDP.MKTP.CD,Mongolia,MNG,2560785660,1136896123.61298,4583850367.88972,7189481824.07288,10409797649.3063,12292770631.1967,12582122604.1921,12226514722.0861,11749620619.5962,11186734674.3847,11433635875.9316,13009574620.6012
GDP (current US$),NY.GDP.MKTP.CD,Montenegro,MNE,..,984297589.359934,4159328980.2723,4139192052.98013,4538199888.79622,4087725812.66864,4464261816.25066,4587928884.17142,4052913385.82677,4374128318.58407,4844592066.71174,5452173040.60434
GDP (current US$),NY.GDP.MKTP.CD,Morocco,MAR,30180108561.9305,38857251336.3448,92897320375.8176,93216746661.5977,101370474295.109,98266306615.3632,106825649872.108,110081248587.369,101179808076.36,103345296966.607,109708728848.535,118495328198.08
GDP (current US$),NY.GDP.MKTP.CD,Mozambique,MOZ,2512079324.07706,5016469068.50898,10911698204.4676,10154238250.1818,13131168011.807,15265269710.6404,16018848993.9909,16961117243.491,14798413628.4625,10896894351.3881,12651912500.4128,14457964380.8548
GDP (current US$),NY.GDP.MKTP.CD,Myanmar,MMR,..,8905066163.58643,36906181380.8127,49540813342.4834,59977326085.9908,59937797559.3295,60269734044.526,65446199787.8425,59687410896.5734,63256184700.2223,66719084835.9898,71214803377.8188
GDP (current US$),NY.GDP.MKTP.CD,Namibia,NAM,2785764518.01845,3833993702.98856,8876191120.76189,11282192605.0374,12409629835.6998,13016272898.9038,12717790504.5002,12786078008.2376,11650656642.2655,11286139080.0065,13566192142.5835,14521711630.1744
GDP (current US$),NY.GDP.MKTP.CD,Nauru,NRU,..,..,44294351.7637203,49234059.7187225,72682692.5373284,103837431.883349,108631468.258281,117013202.314436,99964019.3044941,102055047.945899,113880715.219337,114718022.803078
GDP (current US$),NY.GDP.MKTP.CD,Nepal,NPL,3627562402.66027,5494252207.90502,12854985464.0764,16002656434.4746,18913574370.76,18851513891.066,19271168018.482,20002968837.9471,21410840908.5198,21185922407.5922,24880266905.4961,28812491891.5812
GDP (current US$),NY.GDP.MKTP.CD,Netherlands,NLD,318330511920.61,416442786069.652,868077243678.8,846554894931.084,904085980796.018,838971306990.906,876923518850.405,890981311077.658,765264949780.999,783528181704.567,830572618849.829,912872334082.473
GDP (current US$),NY.GDP.MKTP.CD,New Caledonia,NCL,2529310103.83608,2682347064.3642,..,..,..,..,..,..,..,..,..,..
GDP (current US$),NY.GDP.MKTP.CD,New Zealand,NZL,45495129385.0475,52623281956.7031,121338622025.111,146583831538.331,168461998741.295,176193696737.934,190784384693.441,200834001603.85,177208110322.704,187854022728.459,202590814084.991,205024937871.546
GDP (current US$),NY.GDP.MKTP.CD,Nicaragua,NIC,1009455483.87097,5107329007.0922,8298695144.91507,8758622328.66962,9774316692.15985,10532001129.67,10982972256.3787,11880438824.4494,12756717322.7625,13286093197.4791,13843586679.5401,13117859221.6626
GDP (current US$),NY.GDP.MKTP.CD,Niger,NER,2480673194.99252,1798374468.36362,5373097440.5653,5718664504.91341,6409184724.22579,6942258305.19085,7667952566.39139,8229731383.75656,7217667780.59665,7528285443.60769,8119710126.32655,9239513529.65905
GDP (current US$),NY.GDP.MKTP.CD,Nigeria,NGA,54035795388.0915,69448756932.5833,291880204327.419,363359886203.409,410334579160.752,459376049763.999,514966287334.277,568498937615.656,494583180777.103,404649527537.753,375745486520.656,397269616080.908
GDP (current US$),NY.GDP.MKTP.CD,North Macedonia,MKD,4699646643.10954,3772851420.24763,9401731495.71661,9407168702.4313,10494632699.3859,9745251126.0109,10817712138.9451,11362272837.8818,10064515432.0265,10672471860.7184,11279509013.9119,12672131053.1578
GDP (current US$),NY.GDP.MKTP.CD,Northern Mariana Islands,MNP,..,..,795000000,799000000,733000000,751000000,782000000,845000000,931000000,1250000000,1593000000,..
GDP (current US$),NY.GDP.MKTP.CD,Norway,NOR,119791683307.507,171315639982.731,386622457579.95,429130952709.224,498831558925.86,510229136226.902,523502127659.574,499338534779.159,386663139402.707,371344761904.762,399488897844.046,434750937596.065
GDP (current US$),NY.GDP.MKTP.CD,Oman,OMN,11685045513.6541,19507412223.6671,48388296488.9467,58642392717.8153,67937581274.3823,76689206762.0286,78784395318.5956,81076723016.9051,68921456436.9311,65941482444.7334,70783875162.5488,79294928478.5436
GDP (current US$),NY.GDP.MKTP.CD,Pakistan,PAK,40010424928.715,73952374969.7995,168152775283.032,177406854514.885,213587413183.996,224383620829.57,231218567178.979,244360888750.807,270556126820.064,278654637737.69,304951818494.066,312570060548.453
GDP (current US$),NY.GDP.MKTP.CD,Palau,PLW,..,144759500,182704300,182863000,193235600,214648500,225345700,245675100,293124000,303984500,289823500,310111145
GDP (current US$),NY.GDP.MKTP.CD,Panama,PAN,6433967000,12304115000,27116635600,29440300000,34686200000,40429700000,45600000000,49921500000,54091700000,57957600000,62283800000,65055100000
GDP (current US$),NY.GDP.MKTP.CD,Papua New Guinea,PNG,3219730364.99623,3521339699.07407,11619541940.4014,14250726289.854,17984816533.1084,21295834133.2309,21261305413.2323,23210611846.9164,21723378124.5485,20759048834.9824,22277692408.8879,23431596214.0081
GDP (current US$),NY.GDP.MKTP.CD,Paraguay,PRY,5812114523.02702,8855705139.55857,22341754513.9643,27215968615.5548,33715524703.9288,33283228891.0923,38585317742.981,40276532540.8812,36164068797.2511,36054281572.3981,39008900331.6733,40842341774.2489
GDP (current US$),NY.GDP.MKTP.CD,Peru,PER,26410386669.3609,51744749133.213,120822986521.479,147528937028.778,171761737046.585,192648999090.082,201175469114.327,200983797111.659,189759138299.209,191907499037.066,210702303186.432,222237570741.8
GDP (current US$),NY.GDP.MKTP.CD,Philippines,PHL,44311593755.7845,81026300310.0109,168334601260.075,199590775190.258,224143083706.777,250092092998.143,271836123723.678,284584522898.872,292774099013.687,304897590205.413,313619747740.186,330910343610.956
GDP (current US$),NY.GDP.MKTP.CD,Poland,POL,65977749036.9844,171886058765.33,439796160379.475,479321460551.189,528832185770.217,500360816827.883,524234322596.975,545389126644.476,477577397532.829,472028000405.803,526371021088.561,585782872331.589
GDP (current US$),NY.GDP.MKTP.CD,Portugal,PRT,78721607509.4923,118358489957.619,243745748819.116,238303443425.21,244895101712.451,216368178659.447,226073492966.495,229629822121.601,199420256049.689,206275669201.916,219308125506.737,237978936954.963
GDP (current US$),NY.GDP.MKTP.CD,Puerto Rico,PRI,30603919000,61701800000,96385600000,98381300000,100351700000,101564800000,102450000000,102445800000,103375500000,104336700000,104250200000,101130900000
GDP (current US$),NY.GDP.MKTP.CD,Qatar,QAT,7360439423.07692,17759890109.8901,97798351648.3516,125122306346.154,167775274725.275,186833516483.516,198727747252.747,206224725274.725,161739835164.835,151732142857.143,166928571428.571,192009340659.341
GDP (current US$),NY.GDP.MKTP.CD,Romania,ROU,38995454545.4545,37253259016.9976,174103695930.213,166225180150.414,183443154234.731,171196268957.961,190949066979.176,199626806401.529,177893451831.141,188494136775.719,211406933991.363,239552516744.469
GDP (current US$),NY.GDP.MKTP.CD,Russian Federation,RUS,516814274021.956,259710142196.943,1222644282200.48,1524917468442.6,2051661732059.47,2210256976944.74,2297128039058.16,2059984158384.6,1363594369511.4,1282723881083.71,1578624060588.26,1657553765580.67
GDP (current US$),NY.GDP.MKTP.CD,Rwanda,RWA,2550185618.14774,1813938652.72487,5373088996.59376,5783152633.48246,6563320570.40862,7334917696.72263,7621923307.70325,8016591927.65923,8277613193.57631,8475681532.52169,9135454442.14013,9509003196.73999
GDP (current US$),NY.GDP.MKTP.CD,Samoa,WSM,125766269.755358,269019710.327456,560959527.824621,643046733.391126,739785121.889922,801168622.338114,804808525.537223,805162576.422974,804100573.408688,786640012.24318,841538412.998896,861494700.74813
GDP (current US$),NY.GDP.MKTP.CD,San Marino,SMR,..,1101897917.81832,2363156432.34232,2139072847.68212,2054489852.65499,1800077091.09598,1865374402.54912,1788510017.24824,1523012088.2777,1564380530.97345,1632860040.56795,..
GDP (current US$),NY.GDP.MKTP.CD,Sao Tome and Principe,STP,..,..,187821029.03052,197454052.146072,233213521.691189,252560556.021848,302925488.131749,348941656.435664,318265835.263324,347545391.785,375040173.816889,422296762.322469
GDP (current US$),NY.GDP.MKTP.CD,Saudi Arabia,SAU,117630271802.403,189514926213.333,429097866666.667,528207200000,671238840106.667,735974843360,746647127413.333,756350347333.334,654269902880,644935541440,688586133333.333,782483466666.667
GDP (current US$),NY.GDP.MKTP.CD,Senegal,SEN,7237100724.34196,5924239700.81588,16248212852.2767,16215069255.5479,17878780184.8709,17825417949.4231,18960182371.3937,19770840285.9946,17767704596.9267,19027392875.8489,21081669870.0624,24129599551.8342
GDP (current US$),NY.GDP.MKTP.CD,Serbia,SRB,..,6540245607.20262,45162894380.9318,41819468691.8251,49258136128.9672,43309252921.0567,48394238300.4008,47062205546.5,39628549949.7295,40630392018.541,44120424391.86,50508366849.6463
GDP (current US$),NY.GDP.MKTP.CD,Seychelles,SYC,368584758.942457,614879764.780006,847397850.094417,969936525.298729,1065826669.89742,1060226125.62616,1328157608.83087,1343007845.04468,1377495054.04127,1427524565.30226,1503168689.81984,1590180446.19384
GDP (current US$),NY.GDP.MKTP.CD,Sierra Leone,SLE,649644826.800447,635874002.198748,2453899846.88317,2578026297.15912,2942546781.04548,3801862611.36414,4920343194.99339,5015157815.73406,4218723875.1379,3674794530.18956,3739577973.23943,3999945202.44328
GDP (current US$),NY.GDP.MKTP.CD,Singapore,SGP,36144336768.7023,96074477958.2366,194152286008.938,239809387605.427,279351168707.267,295087220933.024,307576360584.992,314851156183.411,308004146057.608,318068476293.883,338406474038.67,364156657769.87
GDP (current US$),NY.GDP.MKTP.CD,Sint Maarten (Dutch part),SXM,..,..,..,..,..,..,..,..,..,..,..,..
GDP (current US$),NY.GDP.MKTP.CD,Slovak Republic,SVK,12694544692.7374,29114875621.8905,88945625173.6593,89501012915.7314,98181259740.0919,93413992955.8972,98478349315.3252,100948236941.182,87769595120.4718,89848359304.5293,95617670260.1145,106472189680.752
GDP (current US$),NY.GDP.MKTP.CD,Slovenia,SVN,18130730932.2034,20342201356.0052,50244793831.6199,48013606745.4803,51290792018.1074,46352802765.5763,48116256926.0807,49889553216.003,43102044290.9563,44641210338.2514,48455919386.0505,54235484383.0673
GDP (current US$),NY.GDP.MKTP.CD,Solomon Islands,SLB,302515026.890225,435103853.485036,597765363.128492,681151189.956511,932725578.761845,1063879451.2333,1129787201.75701,1172268295.92618,1154650066.30195,1232699140.37163,1321131090.73503,1411904531.44787
GDP (current US$),NY.GDP.MKTP.CD,Somalia,SOM,..,..,..,..,..,..,6480989791.0905,6562208806.34207,6669000749.18274,6839998517.02752,7128000000,7484000000.00001
GDP (current US$),NY.GDP.MKTP.CD,South Africa,ZAF,115553279480.54,136361854808.496,295936485832.635,375349442837.24,416418874936.304,396327875200.974,366643223167.031,350636208160.181,317536830643.708,295746599723.99,348871647962.321,366298209834.58
GDP (current US$),NY.GDP.MKTP.CD,South Sudan,SSD,..,..,12231362022.6859,15727363443.0995,17826697892.2717,10368813559.322,13257627118.6441,13282033898.3051,12374452028.1893,3070885014.08113,..,..
GDP (current US$),NY.GDP.MKTP.CD,Spain,ESP,535101248775.71,595402616546.895,1499099749930.54,1431616749640.29,1488067258325.2,1336018949805.58,1361854206549.39,1376910811040.88,1199084183705.08,1237499479181.11,1314314164402.2,1426189137596.58
GDP (current US$),NY.GDP.MKTP.CD,Sri Lanka,LKA,8032551173.24014,16330814179.9766,42066217871.5349,56725749221.9043,65292753005.4664,68434409315.1123,74317806538.3632,79356449840.5771,80604080688.5775,82401038709.5356,88019706803.834,88900770857.6351
GDP (current US$),NY.GDP.MKTP.CD,St. Kitts and Nevis,KNA,217258907.777778,433520494.939384,767066391.818518,766785071.244444,818728133.003704,800392821.222222,849496203.911111,916857359.52963,936314411.47037,958973183.222222,992007403.125926,1039875050.37037
GDP (current US$),NY.GDP.MKTP.CD,St. Lucia,LCA,518433324.814815,834327296.296296,1278745518.51852,1399203481.48148,1444269666.66667,1437879370.37037,1481132148.14815,1542406296.2963,1640925666.66667,1688244703.7037,1810139888.88889,1876189777.77778
GDP (current US$),NY.GDP.MKTP.CD,St. Martin (French part),MAF,..,..,..,..,..,..,..,..,..,..,..,..
GDP (current US$),NY.GDP.MKTP.CD,St. Vincent and the Grenadines,VCT,240365262.592593,396261370.37037,674922481.481482,681225962.962963,676129407.407407,692933740.740741,721208998.225378,727714407.111622,755458031.415067,770762204.076066,785222509.144563,813093984.074074
GDP (current US$),NY.GDP.MKTP.CD,Sudan,SDN,12408647540.9836,12257418326.0734,53150209167.934,65634109236.7736,67327289319.733,68125631150.2939,72065940085.772,82151588418.8325,96741742021.6738,95558220776.921,123053386001.137,40851536133.7642
GDP (current US$),NY.GDP.MKTP.CD,Suriname,SUR,388400000,947671969.69697,3875555555.55556,4368398047.64333,4422276621.78703,4980000000,5145757575.75758,5240606060.60606,4787367928.11777,3167164370.80564,3068766109.75333,3427269681.74204
GDP (current US$),NY.GDP.MKTP.CD,Sweden,SWE,258443064928.702,260158695509.812,430114322297.421,488909078695.423,563797423389.285,544481531961.98,579360671663.959,574413132024.98,498117638852.897,512205240408.433,535607385506.432,551031682226.344
GDP (current US$),NY.GDP.MKTP.CD,Switzerland,CHE,258066552980.132,272055499940.786,541506500413.565,583782977866.405,699579638638.226,668043614122.87,688504173431.454,709182559935.301,679832291693.257,670181065629.156,678965423322.021,705501304688.699
GDP (current US$),NY.GDP.MKTP.CD,Syrian Arab Republic,SYR,12308624283.9787,19325894913.1254,..,..,..,..,..,..,..,..,..,..
GDP (current US$),NY.GDP.MKTP.CD,Tajikistan,TJK,2629395066.27017,860521119.298753,4979481980.35098,5642178579.58438,6522732202.50748,7633049792.09321,8448469837.53831,9112544556.05962,7854602391.65355,6952678127.03396,7157865188.25222,7522947810.12326
GDP (current US$),NY.GDP.MKTP.CD,Tanzania,TZA,4258743262.82876,13375976353.6994,29081425282.2949,32014249841.4151,34657139495.4031,39650530214.3287,45680532613.7591,49964788814.0927,47378599025.3044,49774021003.0747,53320625958.5628,57437073927.1796
GDP (current US$),NY.GDP.MKTP.CD,Thailand,THA,85343063965.9182,126392308497.749,281710095724.761,341105009515.333,370818747396.833,397558094269.877,420333333333.333,407339361695.577,401295970240.337,412352789519.611,455275517239.347,504992757704.997
GDP (current US$),NY.GDP.MKTP.CD,Timor-Leste,TLS,..,439646121.579366,3199666690.88017,3998961313.73619,5672048723.41683,6661664574.7463,5637671696.36367,4041636956.55441,3092624754.7917,2503532102.2697,2487269437.36822,2581000000
GDP (current US$),NY.GDP.MKTP.CD,Togo,TGO,1628427515.41881,1488185772.47585,3365711796.38206,3426022205.75557,3867391618.08827,3873529926.22723,4320427495.74933,4568900619.92456,4179185205.16122,4414908596.54217,4765866980.38429,5300214337.17579
GDP (current US$),NY.GDP.MKTP.CD,Tonga,TON,113563821.577404,202363492.160332,318166562.784677,369485198.817979,423011844.331641,472358251.224261,450686353.674011,443911052.254042,435438217.281663,401109307.359307,430174168.740104,450353313.884584
GDP (current US$),NY.GDP.MKTP.CD,Trinidad and Tobago,TTO,5068000000,8154338232.95978,19172165225.5015,22157948396.2042,25433011405.3017,25769329445.0666,27110262285.4127,27477965424.1625,25121524774.9867,21746391333.0334,22250455018.8067,23410353434.6523
GDP (current US$),NY.GDP.MKTP.CD,Tunisia,TUN,12290568181.8182,21473188881.5933,43454935940.1614,44050929160.2627,45810626509.4474,45044112939.3687,46251061734.4741,47632326088.237,43152528548.124,41808379888.2682,39952095560.8829,39860715814.4238
GDP (current US$),NY.GDP.MKTP.CD,Turkey,TUR,150676291094.21,272979390333.738,644639901973.703,771901768870.083,832523680908.06,873982246611.954,950579413122.56,934185915386.096,859796872677.614,863721648068.806,851549231502.615,766509088837.579
GDP (current US$),NY.GDP.MKTP.CD,Turkmenistan,TKM,3189539641.3171,2904662604.82053,20214385964.9123,22583157894.7368,29233333333.3333,35164210526.3158,39197543859.6491,43524210526.3158,35799714285.7143,36180000000,37926285714.2857,40761142857.1429
GDP (current US$),NY.GDP.MKTP.CD,Turks and Caicos Islands,TCA,..,..,703175750,686787810,728789570,715722770,740776770,823968140,893501650,950357510,962525840,1022312010
GDP (current US$),NY.GDP.MKTP.CD,Tuvalu,TUV,8824447.74022325,13742057.0500928,27101312.7912806,31824701.2779469,38713279.6189995,37671734.4913473,37507514.536976,37291841.426971,35492333.8641732,36547419.8730745,40620557.1335093,42587778.4724662
GDP (current US$),NY.GDP.MKTP.CD,Uganda,UGA,4304398865.88268,6193246837.09687,18168902153.8798,20186496527.1256,20176025256.9153,23114293416.3905,24599550623.7254,27291879819.3622,27102650386.6012,24133664284.5089,25995031850.1545,27476945526.013
GDP (current US$),NY.GDP.MKTP.CD,Ukraine,UKR,81456918678.5008,31261527363.144,117113410001.027,136013155905.036,163159671670.265,175781379051.433,183310146378.081,133503411375.739,91030959454.6961,93355993628.5042,112190355158.178,130832374404.882
GDP (current US$),NY.GDP.MKTP.CD,United Arab Emirates,ARE,50701443748.2975,104337372362.151,253547358747.447,289787338325.391,350666031313.819,374590605854.323,390107556160.654,403137100068.073,358135057862.492,357045064669.843,382575085091.899,414178897208.986
GDP (current US$),NY.GDP.MKTP.CD,United Kingdom,GBR,1093169389204.55,1648269027084.28,2394785792179.47,2452899665124.47,2634895693131.3,2676605417645.99,2753565033773.77,3034729456047.18,2896420586534.4,2659238931670.25,2637866340434.13,2825207947502.9
GDP (current US$),NY.GDP.MKTP.CD,United States,USA,5963144000000,10252345464000,14448933025000,14992052727000,15542581104000,16197007349000,16784849190000,17521746534000,18219297584000,18707188235000,19485393853000,20494099845390.2
GDP (current US$),NY.GDP.MKTP.CD,Uruguay,URY,9298839655.23139,22823255801.8447,31660911277.0294,40284481651.9021,47962439303.7247,51264390116.4909,57531233350.9101,57236013086.1223,53274304222.136,52687612261.5424,56488991831.0239,59596885024.3487
GDP (current US$),NY.GDP.MKTP.CD,Uzbekistan,UZB,13360607917.8773,13760513969.314,33689223673.2577,39332770928.9426,45915191189.3237,51821573338.1312,57690770140.2657,76658542757.4707,81847410181.7953,81779019095.6692,59159949231.4924,50499920318.2926
GDP (current US$),NY.GDP.MKTP.CD,Vanuatu,VUT,158397403.041175,272014693.050806,610066628.693058,700804286.224354,792149700.679116,781702874.106058,801787555.861121,814954306.971033,737917151.424178,787942567.411846,849708342.698412,887817896.301835
GDP (current US$),NY.GDP.MKTP.CD,"Venezuela, RB",VEN,48598315565.032,117140723529.412,329787628928.472,393192354510.653,316482190800.364,381286237847.667,371005379786.566,482359318767.703,..,..,..,..
GDP (current US$),NY.GDP.MKTP.CD,Vietnam,VNM,6471740805.56984,31172518403.3162,106014659770.222,115931749697.241,135539438559.709,155820001920.492,171222025117.381,186204652922.262,193241108709.536,205276172134.901,223779865815.183,244948445308.883
GDP (current US$),NY.GDP.MKTP.CD,Virgin Islands (U.S.),VIR,..,..,4203000000,4339000000,4239000000,4095000000,3762000000,3622000000,3748000000,3863000000,3855000000,..
GDP (current US$),NY.GDP.MKTP.CD,West Bank and Gaza,PSE,..,4313600000,7268200000,8913100000,10465400000,11279400000,12476000000,12715600000,12673000000,13425700000,14498100000,14615900000
GDP (current US$),NY.GDP.MKTP.CD,"Yemen, Rep.",YEM,5647119229.00763,9652436179.64605,25130274124.2524,30906749533.221,32726417878.391,35401339869.3055,40415233436.1767,43228585321.3272,42628328212.1041,30968242967.7823,26818703092.5852,26914402223.7828
GDP (current US$),NY.GDP.MKTP.CD,Zambia,ZMB,3285217391.30435,3600683039.73254,15328342303.9575,20265556273.582,23460098339.7453,25503370699.2015,28045460442.1876,27150630607.2032,21154394545.895,20954754378.1394,25868142076.7897,26720073435.9014
GDP (current US$),NY.GDP.MKTP.CD,Zimbabwe,ZWE,8783816700,6689957600,9665793300,12041655200,14101920300,17114849900,19091020000,19495519600,19963120600,20548678100,22813010116.1292,31000519447.175
GDP (current US$),NY.GDP.MKTP.CD,Arab World,ARB,446901684420.875,735188056517.166,1796358749934.16,2110062113014.68,2501833645178.18,2787005632800.04,2867265277713.17,2908426366523.66,2557828733470.7,2506038474468.22,2588676963425.26,2781325613205.7
GDP (current US$),NY.GDP.MKTP.CD,Caribbean small states,CSS,17961665075.0692,34177854579.9679,58178987893.2216,63286770718.6336,68423468920.3575,70778783660.6102,71874614598.3802,72804605847.511,71620269050.3783,67183921136.4825,69074812658.1643,72930271172.9642
GDP (current US$),NY.GDP.MKTP.CD,Central Europe and the Baltics,CEB,262250569955.316,427646547096.422,1287790847790.09,1312306614706.01,1445166364927.32,1351020408339.39,1421923544401.21,1464718685618.07,1287360865864.85,1315627473799.51,1455568032701.07,1630175297325.66
GDP (current US$),NY.GDP.MKTP.CD,Early-demographic dividend,EAR,1819109958298.11,3295338430288.91,7037596798874.97,8547107609959.71,9582350979568.66,10046243727335.3,10229925914728,10594923447904.2,10278923522327.7,10512884952663.6,11369554644897.9,11636654057050
GDP (current US$),NY.GDP.MKTP.CD,East Asia & Pacific,EAS,4732335225532.58,8281309000052.6,14526067836583.6,16935062447071.5,19632602228096.1,21010207451844.7,21243898145787,21876509488557.4,21747800265057,22447570589125.6,23912261117830.8,25918289434655.4
GDP (current US$),NY.GDP.MKTP.CD,East Asia & Pacific (excluding high income),EAP,663000642568.432,1735179356319.94,6490710245020.34,7868968060604.67,9614771033908.29,10721334546957.2,11827780244502.1,12714085026388.9,13223362408545.5,13457752355494.1,14646215900250.9,16279999801740.6
GDP (current US$),NY.GDP.MKTP.CD,East Asia & Pacific (IDA & IBRD countries),TEA,661633306116.341,1731600816824.68,6477920156078.09,7853669415319.31,9596177837051.58,10700596695068.2,11804960245048.5,12689604505542.3,13197946656328.1,13431911479092.8,14618128658743,16248767389147.8
GDP (current US$),NY.GDP.MKTP.CD,Euro area,EMU,5871869023301.17,6484573532448.5,12915145836358.7,12651372899227.5,13631230746160.9,12651516120846,13203039232372.4,13499747373539.6,11683772866888.7,11983158705495.2,12634710106684,13669950928580.3
GDP (current US$),NY.GDP.MKTP.CD,Europe & Central Asia,ECS,8838813514070.68,10022982147640.7,20472867180992.5,20947219688075.2,23210134856318.4,22372120484959.4,23380873344196.4,23707435251251.6,20418335201181.1,20361374748400.9,21523445203238.8,23033946317434.9
GDP (current US$),NY.GDP.MKTP.CD,Europe & Central Asia (excluding high income),ECA,932750911538.012,697944442001.164,2603323082071.74,3099809011020.19,3831921026803.82,4058075244447.13,4314981741824.11,4036166875129.5,3088691707518.32,2960291936549.57,3317273632219.24,3394924024495.23
GDP (current US$),NY.GDP.MKTP.CD,Europe & Central Asia (IDA & IBRD countries),TEC,1020484876850.67,891604774598.596,3105898370579.59,3638996448763.09,4423152690820.26,4614984435819.91,4897373945067.55,4639238345481.57,3615788111860.42,3483943366076.73,3898846070787.19,4041512556263.03
GDP (current US$),NY.GDP.MKTP.CD,European Union,EUU,7579087782165.53,8910186780351.87,17126624755494.9,17009600166105.5,18374750719407.9,17316993527214.5,18053069090743.2,18669297250216.3,16446079334591.3,16553075746191.8,17344924399291.3,18748572435144.2
GDP (current US$),NY.GDP.MKTP.CD,Fragile and conflict affected situations,FCS,..,219801672716.775,544392485063.641,649697459092.748,709496791246.974,816782810006.542,850108840302.666,858994228087.048,774093767714.493,742768301130.004,829348955384.778,832156321421.56
GDP (current US$),NY.GDP.MKTP.CD,Heavily indebted poor countries (HIPC),HPC,134341873486.326,162444931770.66,428919945212.731,474041146088.376,529821540814.014,570150898932.386,636323163116.238,672892307835.499,660391877931.796,676659153166.275,751960655126.504,726462917498.083
GDP (current US$),NY.GDP.MKTP.CD,High income,HIC,18903067610575.7,27585557764631.5,43284387566468.6,45351950807153.5,48938740139149.4,48994830250440.7,49584762999208.3,50661148005384.7,47850192718595,48848458207801,51002983022253.9,54108061206415.4
GDP (current US$),NY.GDP.MKTP.CD,IBRD only,IBD,3454049495410.99,5804802698172.35,16461239372945,19990768287460.6,23617129078303,25106273957433.9,26533915063749.5,27401473578735.7,25861422494163,26007239891224.9,28632922079785.2,30464715328517.2
GDP (current US$),NY.GDP.MKTP.CD,IDA & IBRD total,IBT,3793768767491.58,6262974806828.86,17726917972425.9,21452223148648.7,25284306835683.3,26903271815140.1,28503881746884.6,29538308687386.8,27954398996608.2,28049516210776.8,30781503584021.9,32669573236385.7
GDP (current US$),NY.GDP.MKTP.CD,IDA blend,IDB,149358224393.509,200554559148.27,608659912471.784,710857170637.878,821175610000.041,903991245250.574,983062712052.744,1078993325724.2,1024951386304,949684642860.357,942180672601.184,991212192923.733
GDP (current US$),NY.GDP.MKTP.CD,IDA only,IDX,192951045489.888,258189772177.917,658773741536.103,748786082530.149,840445860006.432,886434333832.953,983697024193.72,1057480583451.35,1071976099378.04,1099425202189.94,1216320828718.15,1221072552795.69
GDP (current US$),NY.GDP.MKTP.CD,IDA total,IDA,343560392598.444,460281920234.106,1271510232783.85,1465180099197.68,1668941965076.81,1800009529286.75,1976405957169.28,2147855272242.02,2105327535475.6,2053098161979.64,2157791845822.82,2213713643331.96
GDP (current US$),NY.GDP.MKTP.CD,Late-demographic dividend,LTE,2034137647246.97,3402210697548.38,11259792367039.9,13503819692996.1,16461622211431.7,17608256434822.3,18982456745807.6,19662709989806,18417062499549.4,18420068944177.9,20357700189949,22163680628575.5
GDP (current US$),NY.GDP.MKTP.CD,Latin America & Caribbean,LCN,1178166874370.62,2286930519732.8,4312105501412.17,5347162175796.48,6080012753550.91,6143036728395.19,6294625532171.87,6416225701699.74,5517742948141.7,5387475015449.07,5970989904971.94,5787292630122.98
GDP (current US$),NY.GDP.MKTP.CD,Latin America & Caribbean (excluding high income),LAC,1083284342722.61,2082504909038.6,3933625483328.37,4904606932154.93,5584687674430.54,5621553055485.71,5748382922892.87,5882790470977.05,4997012843036.87,4857776801085.38,5405037342852.1,5193396903833.44
GDP (current US$),NY.GDP.MKTP.CD,Latin America & the Caribbean (IDA & IBRD countries),TLA,1109230328593.33,2174345829497.97,4123876013267.34,5152618467568.42,5877992088227.93,5935009599628.89,6081903167057.09,6199504020952.5,5290483965946.01,5154283302707.55,5732278498069.47,5555732855564.57
GDP (current US$),NY.GDP.MKTP.CD,Least developed countries: UN classification,LDC,161029304757.449,212740581387.257,585597465468.025,672657292013.901,772120609923.652,824528499166.106,892693870403.796,969856031709.793,959770897684.067,960073446690.598,1077755716481.29,1052226807868.15
GDP (current US$),NY.GDP.MKTP.CD,Low & middle income,LMY,3692020354718.54,5985798154877.15,17053403083547.7,20688553441500.3,24427621356124.2,26063057932980.6,27620221792938,28651839765602.1,27168881144271,27266081638284.5,29912421055585,31713927460930.4
GDP (current US$),NY.GDP.MKTP.CD,Low income,LIC,102220650299.739,137976985614.59,335063155444.682,368434174244.395,412389209537.131,445017519259.077,487071447752.522,523918930466.147,516772383286.392,493881247719.937,526941900134.806,572219390199.091
GDP (current US$),NY.GDP.MKTP.CD,Lower middle income,LMC,908974611246.313,1292546803055.69,3645471589052.62,4462020711439.79,5039221584981.71,5287092922777.45,5521874030996.2,5826965731799.72,5784352356553.79,6023987416728.54,6521854050234.47,6707523521117.75
GDP (current US$),NY.GDP.MKTP.CD,Middle East & North Africa,MEA,550672719862.458,966940531199.356,2368422381889.97,2768122882414.01,3282325618009.2,3575615120555.34,3553668416591.58,3569443658321.09,3146224148913.01,3149687655679.88,3275008659269.25,3616868653980.99
GDP (current US$),NY.GDP.MKTP.CD,Middle East & North Africa (excluding high income),MNA,..,451673606823.492,1196064624693.21,1383648960546.26,1568618556169.38,1728670837464.96,1624179970871.02,1598440150830.85,1441623404793.42,1453306730365.21,1437537340501.73,..
GDP (current US$),NY.GDP.MKTP.CD,Middle East & North Africa (IDA & IBRD countries),TMN,..,447311432447.737,1188830867244.37,1374752649658.54,1558155718734.23,1717405849754.31,1611631755146.04,1585633514074.74,1428813291325.01,1439713130591.26,1422817551938.79,..
GDP (current US$),NY.GDP.MKTP.CD,Middle income,MIC,3593689180420.79,5850970372003.78,16723643664313.6,20318663211916.2,24008819917691,25612271289734.4,27130341304882.4,28128744930295.5,26656613147658.1,26772108788027,29382511794670.9,31140959360365.4
GDP (current US$),NY.GDP.MKTP.CD,North America,NAC,6558665950908.47,10998121151318.6,15825892407986.4,16611339953589.4,17337272540202.8,18026511572523.6,18632441320853.1,19329008738304.3,19778113935832.2,20239948343915.9,21138584471481.7,22210071092088.7
GDP (current US$),NY.GDP.MKTP.CD,Not classified,INX,..,..,..,..,..,..,..,..,..,..,..,..
GDP (current US$),NY.GDP.MKTP.CD,OECD members,OED,18705740950618.7,27378719395561.4,42671754187460.8,44700082078603.9,48031870862169.8,47963058821606.9,48593693380263.8,49619397556018,46869839390473.3,47774577522532.4,49785139926010.5,52599426237174.8
GDP (current US$),NY.GDP.MKTP.CD,Other small states,OSS,54727286161.0045,91704697250.0213,279233167459.969,324670072425.156,401018687776.504,421060997555.622,436532474270.557,449039404763.457,371473048748.633,366455822163.981,404664548115.563,451600134482.403
GDP (current US$),NY.GDP.MKTP.CD,Pacific island small states,PSS,2421496794.49361,3444110964.99348,5776686941.93929,6416533300.58371,7632301836.05666,8148861957.40977,8440652847.48721,9174063770.59309,8909228715.17981,9280440561.9027,9883385373.76577,10302802236.0798
GDP (current US$),NY.GDP.MKTP.CD,Post-demographic dividend,PST,18351022904851.5,26261965491277.8,40729434027056.6,42467873243123.4,45585663540740,45536751543396.6,45983000855692.7,46923802846913.7,44401372279169.1,45382709162116,47254338522135.4,50023566077996.2
GDP (current US$),NY.GDP.MKTP.CD,Pre-demographic dividend,PRE,194379195183.57,240539542701.503,857558275803.468,1014764538526.14,1184967942013.23,1306155155107.86,1428565871084.09,1528617222367.88,1341023126049.43,1220907452742.51,1304089254135.53,1312866909305.48
GDP (current US$),NY.GDP.MKTP.CD,Small states,SST,75019943957.8025,129322333641.776,343188842295.13,394373376444.373,477074458532.918,499988643173.642,516847741716.424,531018074381.561,452002546514.191,442920183862.366,483622746147.494,535692556049.443
GDP (current US$),NY.GDP.MKTP.CD,South Asia,SAS,407227367445.565,622372326850.74,1683487609633.94,2061059873650.14,2271880446967.01,2297374631123.91,2357174513350.64,2581892372016.11,2697313887065.75,2920085235751.32,3347712176123.4,3457801122272.87
GDP (current US$),NY.GDP.MKTP.CD,South Asia (IDA & IBRD),TSA,407227367445.565,622372326850.741,1683487609633.94,2061059873650.14,2271880446967.01,2297374631123.91,2357174513350.64,2581892372016.11,2697313887065.75,2920085235751.32,3347712176123.4,3457801122272.87
GDP (current US$),NY.GDP.MKTP.CD,Sub-Saharan Africa,SSF,336947292115.508,396811086899.935,1148077116593.37,1369736518864.64,1552539087276.33,1635764396519.93,1739512102313.87,1826982517097.9,1661508166026.09,1545226165544.37,1679162216563.35,1697193308364.39
GDP (current US$),NY.GDP.MKTP.CD,Sub-Saharan Africa (excluding high income),SSA,336577807187.582,396192063208.962,1147229799465.5,1368766716118.85,1551473442857.32,1634704525473.24,1738183800688.36,1825639299053.14,1660130656998.03,1543798794170.86,1677659255398.8,1695603277168.42
GDP (current US$),NY.GDP.MKTP.CD,Sub-Saharan Africa (IDA & IBRD countries),TSS,336947292115.508,396811086899.935,1148077116593.37,1369736518864.64,1552539087276.33,1635764396519.93,1739512102313.87,1826982517097.91,1661508166026.09,1545226165544.37,1679162216563.35,1697193308364.39
GDP (current US$),NY.GDP.MKTP.CD,Upper middle income,UMC,2683128115632.12,4558738821511.06,13078172075261,15856642500476.4,18969598332709.3,20325178366956.9,21608467273886.2,22301779198495.8,20866461188838.2,20737553099408.9,22851037576513,24433054151546.4
GDP (current US$),NY.GDP.MKTP.CD,World,WLD,22603413574265.3,33581572220367.2,60340070387368,66036918504601.7,73357858363945.8,75045782254546.9,77189953892236.6,79296761326307.4,75002374281095.5,76103531034285,80885580989211.6,85790820876816.1
,,,,,,,,,,,,,,,
,,,,,,,,,,,,,,,
,,,,,,,,,,,,,,,
Data from database: World Development Indicators,,,,,,,,,,,,,,,
Last Updated: 06/28/2019,,,,,,,,,,,,,,,
