Series Name,Series Code,Country Name,Country Code,1990 [YR1990],2000 [YR2000],2009 [YR2009],2010 [YR2010],2011 [YR2011],2012 [YR2012],2013 [YR2013],2014 [YR2014],2015 [YR2015],2016 [YR2016],2017 [YR2017],2018 [YR2018]
GDP per capita (current US$),NY.GDP.PCAP.CD,Afghanistan,AFG,..,..,438.076034406941,543.303041863931,591.16234645088,641.872033785411,637.16504385598,613.856332882312,578.466352941708,547.228110150363,556.302138508508,520.896602719135
GDP per capita (current US$),NY.GDP.PCAP.CD,Albania,ALB,617.230435515505,1126.68331762741,4114.13489916342,4094.35881639579,4437.17779448652,4247.61434236292,4413.08288688408,4578.66793446159,3952.83078116586,4124.10854308316,4532.88919785143,5253.63006411357
GDP per capita (current US$),NY.GDP.PCAP.CD,Algeria,DZA,2408.68881482248,1765.02257651824,3883.27112717092,4480.78577696483,5455.84230963884,5592.22190972612,5499.58776363606,5493.05677189389,4177.8889657089,3948.81189736204,4048.28525822561,4278.85005953418
GDP per capita (current US$),NY.GDP.PCAP.CD,American Samoa,ASM,..,..,11961.2582255703,10271.2245225485,10294.3022651052,11568.7930012395,11505.3937142139,11525.1563872309,11843.3311832581,11714.8956782261,11398.7774181949,..
GDP per capita (current US$),NY.GDP.PCAP.CD,Andorra,AND,18878.5059692988,21936.5301014708,43338.8667579064,39736.3540626699,41100.7299382214,38392.9439012206,40626.7516320228,42300.3341276669,36039.6534962289,37224.1089162924,39134.3933706717,42029.7627372989
GDP per capita (current US$),NY.GDP.PCAP.CD,Angola,AGO,947.704182085371,556.836318086553,3122.78076649385,3587.88379824396,4615.46802807906,5100.09580809767,5254.88233799616,5408.41049555432,4166.97968386501,3506.07288506966,4095.81294155857,3432.38573600893
GDP per capita (current US$),NY.GDP.PCAP.CD,Antigua and Barbuda,ATG,7348.21294282384,10920.8426880891,14113.0772600466,13092.0738182632,12795.5690668765,13399.2379486965,13035.0936407801,13780.7823704952,14526.5880847823,15494.3054718052,15824.6678131824,16864.3833609901
GDP per capita (current US$),NY.GDP.PCAP.CD,Argentina,ARG,4333.48297312146,7708.10099605414,8225.13717626412,10385.9644319555,12848.8641969705,13082.664325572,13080.2547323367,12334.7982453893,13789.060424772,12790.2424732447,14591.8633810541,11652.5662897487
GDP per capita (current US$),NY.GDP.PCAP.CD,Armenia,ARM,637.854659491342,622.742139063498,2994.34254448509,3218.37270660563,3525.80474671153,3681.8574560431,3838.18580148382,3986.23162376713,3607.29669672271,3591.82927553023,3914.5012684128,4212.07094272937
GDP per capita (current US$),NY.GDP.PCAP.CD,Aruba,ABW,12307.3117378314,20620.7006259175,24630.4537141023,23512.6025956397,24985.9932813737,24713.6980451285,25025.0995629083,25533.5697803984,25796.3802506382,25239.6004109932,25630.2664922069,..
GDP per capita (current US$),NY.GDP.PCAP.CD,Australia,AUS,18211.1393093648,21679.2478424147,42772.3591664498,52022.1255961876,62517.8337471503,68012.1479005934,68150.1070413215,62510.7911705641,56748.4202606605,50019.9677677114,54093.6021908944,57305.2990162045
GDP per capita (current US$),NY.GDP.PCAP.CD,Austria,AUT,21680.9896863626,24564.4582948404,47963.1794023217,46858.0432733717,51374.9584066934,48567.69528642,50716.7087062864,51717.4959405515,44176.6717431334,45103.3298149578,47380.8296365374,51512.9054751534
GDP per capita (current US$),NY.GDP.PCAP.CD,Azerbaijan,AZE,1237.324491677,655.097432602586,4950.29479142375,5842.80578358576,7189.69122920765,7496.29464768263,7875.75695254288,7891.31314749986,5500.32049702735,3880.73873089556,4147.08971569171,4721.17808673142
GDP per capita (current US$),NY.GDP.PCAP.CD,"Bahamas, The",BHS,12356.4238963715,27097.6108115725,28552.1904783698,28443.4076553352,28006.3797183913,29485.6209294138,28944.7882168381,29563.746347465,31512.8565549457,31325.2948289503,31857.890145929,..
GDP per capita (current US$),NY.GDP.PCAP.CD,Bahrain,BHR,8528.98333446095,13636.4082371396,19355.9046720264,20722.1372891348,22514.2379458146,23654.3513912828,24744.3576319157,24989.4001204704,22688.9443998144,22619.1166718849,23715.4827473156,24050.7575053956
GDP per capita (current US$),NY.GDP.PCAP.CD,Bangladesh,BGD,306.268703808998,418.068968311378,702.264410019296,781.153593557047,861.758444349051,883.105000541313,981.839879150399,1118.8536634927,1248.45339778371,1401.62062821515,1563.99408178663,1698.26280233547
GDP per capita (current US$),NY.GDP.PCAP.CD,Barbados,BRB,7754.07859351295,11496.6023976576,15936.9841766748,16056.0165313276,16470.3678967585,16412.9362002115,16224.2873624673,16179.5839550601,16066.4718004795,15847.1427171829,16327.6072290756,..
GDP per capita (current US$),NY.GDP.PCAP.CD,Belarus,BLR,2124.84051428011,1276.2880341,5351.35538243278,6181.39991568753,6519.23019498892,6940.15925359735,7978.87261471076,8318.51268992675,5949.10630699748,5022.62664330491,5761.74712023007,6289.93855308212
GDP per capita (current US$),NY.GDP.PCAP.CD,Belgium,BEL,20710.6443430806,23207.4059110078,44880.5730196227,44380.1766327308,47743.7805335086,44826.4396116648,46680.3898229483,47355.3120057387,40441.0520422361,41449.097361231,43507.2382031326,46556.0995671478
GDP per capita (current US$),NY.GDP.PCAP.CD,Belize,BLZ,2197.18502331181,3364.42371065241,4243.43328407303,4331.43451672125,4501.60263689411,4626.70961538462,4652.50900308057,4790.94126203427,4883.179011063,4904.03433767644,4956.8080389814,5025.17810014332
GDP per capita (current US$),NY.GDP.PCAP.CD,Benin,BEN,393.686214423531,374.192394159235,793.452252617998,757.695907409377,825.940340926735,837.942920903364,915.315621163215,943.674649189169,783.963077800944,788.549196450986,827.429810110093,901.954052193336
GDP per capita (current US$),NY.GDP.PCAP.CD,Bermuda,BMU,26841.5197383946,56284.1686478094,88463.3128161375,88207.3275597322,85973.158416455,85458.455507886,85748.0654143782,..,..,..,..,..
GDP per capita (current US$),NY.GDP.PCAP.CD,Bhutan,BTN,564.77960950252,743.05013392049,1864.53680321311,2312.86009558743,2625.43325640946,2599.39609371453,2532.0156424178,2749.35266478192,2829.89124506544,3012.96140117114,3390.71407484432,3360.26686689029
GDP per capita (current US$),NY.GDP.PCAP.CD,Bolivia,BOL,709.05967248876,997.582459886835,1754.21106094735,1955.46155736098,2346.33717022581,2609.88081915425,2908.20008548078,3081.87883446506,3035.97221489277,3076.6589493424,3351.12405268555,3548.59013979338
GDP per capita (current US$),NY.GDP.PCAP.CD,Bosnia and Herzegovina,BIH,..,1467.77647716048,4714.7024950516,4635.51777931783,5092.55194328895,4778.63608845506,5131.39450642932,5329.63504488766,4727.27754622207,4994.68314045091,5394.59122017677,5951.32329883943
GDP per capita (current US$),NY.GDP.PCAP.CD,Botswana,BWA,2945.83203953801,3522.30867806396,5255.76846136181,6434.81565688465,7617.32509421648,7877.79035044357,7224.96517150786,7780.63838460394,6799.87523352768,7243.85601689195,7893.67593323318,8258.64166574691
GDP per capita (current US$),NY.GDP.PCAP.CD,Brazil,BRA,3100.28046842987,3749.75324996168,8597.91535151623,11286.2430162457,13245.615526158,12370.0242007149,12300.3225752233,12112.5903019529,8814.00098681261,8712.88704442864,9880.94654326324,8920.76210462979
GDP per capita (current US$),NY.GDP.PCAP.CD,British Virgin Islands,VGB,..,..,..,..,..,..,..,..,..,..,..,..
GDP per capita (current US$),NY.GDP.PCAP.CD,Brunei Darussalam,BRN,13607.5220957631,18012.5562597047,27955.7138629359,35269.5531076448,47055.8411171808,47741.9064650052,44740.085018517,41726.7839720342,31164.5620291141,27157.3462343457,28572.1094155048,31627.7420793167
GDP per capita (current US$),NY.GDP.PCAP.CD,Bulgaria,BGR,2366.52982128614,1609.88245178581,6969.55855668357,6843.26694975885,7813.80669236432,7378.02473005713,7646.83986554542,7864.76067225524,6993.78348267387,7469.45563823624,8228.0115697265,9272.62930360848
GDP per capita (current US$),NY.GDP.PCAP.CD,Burkina Faso,BFA,351.979322852536,226.47598136698,552.745588612739,575.446452687734,666.840119798738,673.821598361542,699.779405632453,703.820055595173,575.314454176311,583.83262029989,642.040426480339,731.171716967411
GDP per capita (current US$),NY.GDP.PCAP.CD,Burundi,BDI,208.146755438253,136.46397080034,212.136880390025,234.235646874999,249.577979366801,252.358979858344,256.976002796754,274.857947913846,305.549772797441,282.149681511209,293.009061990821,275.429603285318
GDP per capita (current US$),NY.GDP.PCAP.CD,Cabo Verde,CPV,908.0961895607,1259.32365602588,3517.40124546087,3378.25485950035,3738.20116565213,3467.47268444877,3615.97904131099,3588.6740539538,3043.01398430098,3130.96338461412,3295.34110553408,3654.00734457117
GDP per capita (current US$),NY.GDP.PCAP.CD,Cambodia,KHM,..,302.577163565133,738.054783617506,785.502282874113,882.275492640073,950.880345993697,1013.4204006154,1093.49619050796,1162.90491997151,1269.59125737542,1385.2599796333,1512.12670972847
GDP per capita (current US$),NY.GDP.PCAP.CD,Cameroon,CMR,946.646413060374,649.991845405048,1314.70601531227,1285.26172565588,1403.2556380893,1354.62308705136,1465.2223269067,1540.56818173347,1326.96927718029,1363.40385121739,1421.58749243688,1526.87571339209
GDP per capita (current US$),NY.GDP.PCAP.CD,Canada,CAN,21448.3619600057,24190.2496150045,40773.061528975,47450.3184700703,52101.7960864825,52542.3466648232,52504.655704109,50835.5111782446,43495.0543869902,42279.9008231637,45069.9272544324,46124.6651607388
GDP per capita (current US$),NY.GDP.PCAP.CD,Cayman Islands,CYM,..,..,..,..,..,..,..,..,..,..,56334.2139924148,..
GDP per capita (current US$),NY.GDP.PCAP.CD,Central African Republic,CAF,513.305284957779,251.206877406698,474.705408664923,487.945383289614,551.028057642347,565.833058388175,382.340300200927,426.684562137769,380.404293450491,406.531961071263,471.603227780125,509.970974805014
GDP per capita (current US$),NY.GDP.PCAP.CD,Chad,TCD,291.553259539311,165.762986567833,800.464224935635,891.698817391114,983.447232667423,967.408125988873,979.533959184118,1018.93095594774,775.707523514754,692.978595813865,664.303315726258,730.244607565426
GDP per capita (current US$),NY.GDP.PCAP.CD,Channel Islands,CHI,..,43381.6578397785,..,..,..,..,..,..,..,..,..,..
GDP per capita (current US$),NY.GDP.PCAP.CD,Chile,CHL,2494.52566886254,5074.90162375009,10208.9067622861,12808.034586422,14637.2402355403,15351.5513257697,15842.9400901334,14670.9971754461,13574.1715039612,13748.0883953109,15037.3501089968,15923.3590619893
GDP per capita (current US$),NY.GDP.PCAP.CD,China,CHN,317.884673040928,959.372483639691,3832.23595156727,4550.45359583857,5618.13249134962,6316.91886335683,7050.64591988963,7651.36604428568,8033.38804310679,8078.79047437238,8759.04157775098,9770.84708783314
GDP per capita (current US$),NY.GDP.PCAP.CD,Colombia,COL,1445.32836826111,2520.48089795902,5195.39337583111,6326.54946861963,7324.3832858034,8042.52976902978,8212.66782924683,8114.08426438361,6175.87602970259,5871.22352385952,6375.93206285311,6651.29129267621
GDP per capita (current US$),NY.GDP.PCAP.CD,Comoros,COM,1043.8008030813,645.818690802056,1339.33719065958,1315.21480648394,1446.06801802192,1403.42851892157,1504.92085930273,1511.81608327254,1271.05704163196,1287.42096530395,1312.36617372154,1445.45080869998
GDP per capita (current US$),NY.GDP.PCAP.CD,"Congo, Dem. Rep.",COD,270.13054337708,405.21625299166,298.619682050521,334.02157257299,387.082465360781,424.600386118337,457.96372825642,486.787081921829,497.316960805998,471.31884040895,467.07423746454,561.777182390647
GDP per capita (current US$),NY.GDP.PCAP.CD,"Congo, Rep.",COG,1187.55128407722,1029.57703685039,2314.26602478527,2809.69495708158,3282.39345461725,3032.66732937043,3047.06458933719,2992.93134863351,1761.32356974061,1814.06341798173,1702.571349341,2147.76946104594
GDP per capita (current US$),NY.GDP.PCAP.CD,Costa Rica,CRI,1831.00191180894,3772.87001155434,6760.47802566895,8141.91359856475,9121.93179750265,9913.21070795469,10490.0806476351,10547.1518483721,11299.1361770439,11666.4566126052,11752.5436017285,12026.5475337333
GDP per capita (current US$),NY.GDP.PCAP.CD,Cote d'Ivoire,CIV,905.321715851216,651.305906791064,1210.29544962206,1211.93028525766,1207.00139766802,1243.3445093295,1415.46927734066,1559.3866522099,1426.45784543221,1481.65230477177,1557.18294760465,1715.53123817013
GDP per capita (current US$),NY.GDP.PCAP.CD,Croatia,HRV,..,4873.05330573071,14582.227350807,13937.1422658809,14577.1988851678,13250.7571179806,13665.9141789877,13609.4973131526,11780.1312419694,12366.8215382479,13383.6834974431,14869.0906823045
GDP per capita (current US$),NY.GDP.PCAP.CD,Cuba,CUB,2703.16803909913,2747.09857519438,5529.67036020975,5730.35477459488,6139.71932965905,6497.32111313561,6837.71289192677,7133.34209494342,7694.0119195241,8060.79588647979,8541.2106734664,..
GDP per capita (current US$),NY.GDP.PCAP.CD,Curacao,CUW,..,..,..,..,20146.3864122001,20587.397358013,20462.7179539813,20258.0096948833,19951.3279030441,19555.3658492891,19457.5315232205,..
GDP per capita (current US$),NY.GDP.PCAP.CD,Cyprus,CYP,9641.57527301293,14388.3467029574,32105.867479829,30818.4799259532,32233.6433858793,28984.9445491789,27942.3012696028,27407.1528617811,23217.4841507892,24019.1378679236,25760.7627043417,28159.3016999455
GDP per capita (current US$),NY.GDP.PCAP.CD,Czech Republic,CZE,3917.15984010204,6011.61522035701,19741.5976279826,19808.0710912518,21717.4579392202,19729.8705111763,19916.0193873722,19744.5586092159,17715.6168523009,18463.3865756564,20379.8960396417,22973.1058464741
GDP per capita (current US$),NY.GDP.PCAP.CD,Denmark,DNK,26891.4416399373,30743.5591735847,58163.2935943068,58041.4112245601,61753.6600721804,58507.5002096272,61191.1926260428,62548.9850174371,53254.8505904922,54467.1014299458,57218.851961927,60595.5780291713
GDP per capita (current US$),NY.GDP.PCAP.CD,Djibouti,DJI,766.1409545474,768.17607674712,1267.31280083416,1343.26872994437,1451.54297984389,1559.24065068226,1499.76702162161,1619.05147986187,1787.47750003268,1898.87599012811,1953.9035019746,2050.20473202095
GDP per capita (current US$),NY.GDP.PCAP.CD,Dominica,DMA,2860.4315596643,4787.78017069474,6902.85716974119,6967.24531354346,7065.0530674789,6848.41806733105,7068.53574468351,7364.99652216048,7597.75044603346,8070.29091736358,6951.30354219987,7031.70975373279
GDP per capita (current US$),NY.GDP.PCAP.CD,Dominican Republic,DOM,991.614424124905,2869.10586072527,5051.46536922652,5568.04667607763,5891.15902538053,6107.97743134333,6236.10436946074,6499.14988306617,6691.71691989488,6957.56450686802,7222.55404357246,7650.07275254505
GDP per capita (current US$),NY.GDP.PCAP.CD,Ecuador,ECU,1489.52950926574,1445.27932442901,4231.61579767847,4633.59035839904,5200.55579014874,5682.04500655353,6056.3308269681,6377.09153014217,6124.49164262072,6060.09332904415,6213.50127649921,6344.87197850057
GDP per capita (current US$),NY.GDP.PCAP.CD,"Egypt, Arab Rep.",EGY,765.642046377923,1450.47624243298,2329.23947996771,2644.81703909751,2791.95496186249,3232.64889178794,3264.37878715277,3378.83135785555,3598.9709482021,3525.02016450058,2440.51017311107,2549.13945832295
GDP per capita (current US$),NY.GDP.PCAP.CD,El Salvador,SLV,914.130927454167,2001.53800924467,2858.47898057809,2983.22977097694,3266.01045186205,3428.41038595699,3509.53149262616,3589.04060409892,3705.57794598177,3800.12218101449,3902.23762163591,4058.24465202163
GDP per capita (current US$),NY.GDP.PCAP.CD,Equatorial Guinea,GNQ,267.468072913182,1725.55473767524,16667.9368247067,17272.0097706819,21613.5492326324,21712.3950163809,20384.9245274473,19368.2309101895,11278.9289413309,9244.05179769096,9738.43422416926,10173.963020188
GDP per capita (current US$),NY.GDP.PCAP.CD,Eritrea,ERI,..,308.13378356477,595.109987185412,667.744177753249,811.376028602108,..,..,..,..,..,..,..
GDP per capita (current US$),NY.GDP.PCAP.CD,Estonia,EST,..,4070.03282698714,14726.3182780587,14638.6048173457,17454.8434246435,17421.8902227378,19072.2385175669,20247.1993011108,17412.4486731613,18228.0582545935,20200.3755920409,22927.7444174193
GDP per capita (current US$),NY.GDP.PCAP.CD,Eswatini,SWZ,1355.39394489604,1728.70533953017,3385.84283663199,4168.50506162166,4496.60077707932,4469.45732419562,4196.30973301426,3997.45193588557,3641.40858337825,3426.82659715041,3941.90045658669,4139.96194908385
GDP per capita (current US$),NY.GDP.PCAP.CD,Ethiopia,ETH,254.243256893683,124.460800271762,380.569047862885,341.554114905179,354.479575841347,467.077927241718,499.531572059907,566.926466461984,639.304359734944,716.880038743275,768.010416339934,772.312227821251
GDP per capita (current US$),NY.GDP.PCAP.CD,Faroe Islands,FRO,..,22653.3160466352,47447.8700366077,48530.2338492813,52083.8891448364,49459.7172338372,54853.6255967876,59440.0307606004,52404.6593331379,55822.9147203438,..,..
GDP per capita (current US$),NY.GDP.PCAP.CD,Fiji,FJI,1835.12809591767,2076.56878431649,3362.81655514032,3652.52743714193,4371.45751012411,4591.55578402956,4840.69371615802,5605.5703563549,5390.74525792812,5647.34736475825,6006.36062164463,6202.16226706496
GDP per capita (current US$),NY.GDP.PCAP.CD,Finland,FIN,28380.548911275,24253.2504245786,47107.1557090705,46202.4151628454,50790.7241454802,47415.5598711351,49638.0771298139,49914.6186421589,42494.6566238083,43493.4193426133,45804.6542078846,49960.2470502049
GDP per capita (current US$),NY.GDP.PCAP.CD,France,FRA,21793.8426479832,22364.0293943406,41575.4187483737,40638.33400426,43790.7320482019,40874.7035053457,42592.9340943342,43008.6473817107,36613.3752159613,36962.222290118,38679.1271482419,41463.6440227034
GDP per capita (current US$),NY.GDP.PCAP.CD,French Polynesia,PYF,15913.5904795552,14323.820820245,..,..,..,..,..,..,..,..,..,..
GDP per capita (current US$),NY.GDP.PCAP.CD,Gabon,GAB,6268.95101975453,4125.71666351713,7690.05223487234,8840.73066379785,10795.5005802196,9814.03899241886,9680.82433880273,9650.57437612745,7381.74674851952,6979.70919563581,7212.53574430676,8029.82238356148
GDP per capita (current US$),NY.GDP.PCAP.CD,"Gambia, The",GMB,331.818434756804,594.151642988667,517.525944984051,530.787693425107,486.049534986134,477.701260376468,696.152124772487,622.054102978064,668.381202871118,671.105285458678,672.780534143022,712.452397744265
GDP per capita (current US$),NY.GDP.PCAP.CD,Georgia,GEO,1614.6401223992,749.896114276587,2822.65173654159,3073.52475273438,3842.61822114713,4249.67016528326,4341.4351223077,4438.68749712122,3756.38376806909,3857.28172841011,4045.41704955757,4344.63095185476
GDP per capita (current US$),NY.GDP.PCAP.CD,Germany,DEU,22219.5725271486,23718.746699471,41732.707253158,41785.556912554,46810.3279588057,44065.2489082767,46530.9114275776,48142.8272014491,41394.6581607948,42443.4650704217,44681.0825806359,48195.5799044116
GDP per capita (current US$),NY.GDP.PCAP.CD,Ghana,GHA,398.637000137952,258.47095948786,1074.75538037586,1298.43695159215,1558.482133003,1613.28683693408,2378.1595122723,1968.85826344557,1766.00570089157,1931.38946999776,2025.88585736016,2202.31216470307
GDP per capita (current US$),NY.GDP.PCAP.CD,Gibraltar,GIB,..,..,..,..,..,..,..,..,..,..,..,..
GDP per capita (current US$),NY.GDP.PCAP.CD,Greece,GRC,9600.18512965969,12042.9537310995,29710.9702950284,26917.7589787254,25916.2935289351,22242.681934771,21874.8195041667,21760.9797994918,18167.7737169162,18116.4596223336,18883.4600669282,20324.2535641478
GDP per capita (current US$),NY.GDP.PCAP.CD,Greenland,GRL,18326.8051234609,19004.1072910304,44918.5648770756,43988.3324931946,47186.9814680048,45936.7659516989,47535.5899453685,50484.9275739023,44536.4013080999,48295.5624396312,..,..
GDP per capita (current US$),NY.GDP.PCAP.CD,Grenada,GRD,2886.90829497216,5057.17396526767,7290.69710041267,7257.75662232319,7291.05889664338,7444.5047675973,7789.77638079977,8369.88675513221,9096.87064595412,9628.34748662013,10163.6298527725,10833.6583303924
GDP per capita (current US$),NY.GDP.PCAP.CD,Guam,GUM,..,..,30026.5032092749,30700.4340081784,30859.4043533803,32494.5623640591,33265.3811866066,34394.0974809957,35278.9259389693,35550.5642800596,35664.5016770046,..
GDP per capita (current US$),NY.GDP.PCAP.CD,Guatemala,GTM,825.807388097378,1655.58773023347,2635.74874800639,2825.51902913555,3187.86620251971,3299.66560477367,3452.92167895051,3687.83695118893,3923.57334364713,4140.59006414525,4470.61079849788,4549.01008110721
GDP per capita (current US$),NY.GDP.PCAP.CD,Guinea,GIN,419.788629838451,363.482478999068,674.085550244342,672.42440256326,651.135363532528,717.050737885779,769.003943268519,787.238070220189,769.256013746355,733.020758844682,821.651460927645,885.251228166811
GDP per capita (current US$),NY.GDP.PCAP.CD,Guinea-Bissau,GNB,250.150467936055,308.144119293709,557.171614773484,557.632132626126,702.742880436386,616.411686249548,634.48244599306,622.481716725217,603.158512942404,661.007654906181,736.725566231783,777.969921786711
GDP per capita (current US$),NY.GDP.PCAP.CD,Guyana,GUY,533.536205388525,954.404152491261,2756.81988916377,3033.24772490536,3425.43644063562,3788.14674878178,3934.86526171904,4031.60066245674,4166.13482575402,4542.62206666493,4586.05457171312,4634.68133523087
GDP per capita (current US$),NY.GDP.PCAP.CD,Haiti,HTI,439.944062994775,467.147558753214,672.036997916062,665.627419493396,744.217426799623,769.707383397324,812.688690037387,831.959819311853,815.728284410317,735.755120171312,765.61398474258,868.284799613704
GDP per capita (current US$),NY.GDP.PCAP.CD,Honduras,HND,993.483052704469,1080.46212866245,1777.2711691277,1891.15739535346,2073.90395757151,2129.52169798827,2088.09794403724,2190.65071512549,2286.20003874608,2326.29702734293,2432.9353638196,2482.73020626573
GDP per capita (current US$),NY.GDP.PCAP.CD,"Hong Kong SAR, China",HKG,13485.5448929565,25756.6637783278,30697.340383517,32549.998231121,35142.4879344543,36730.8767001128,38403.7777145477,40315.2855640552,42431.8882817277,43734.2499937722,46220.5045489974,48717.2912142538
GDP per capita (current US$),NY.GDP.PCAP.CD,Hungary,HUN,..,4633.31292266249,13029.883375372,13092.2337567695,14118.1226290277,12888.3045908829,13668.226050329,14197.8369994803,12503.6820684794,12839.5845439042,14278.8744978024,15938.8367965554
GDP per capita (current US$),NY.GDP.PCAP.CD,Iceland,ISL,25423.0720058482,32018.0632471857,41333.4198670842,43024.9238377351,47516.8757402109,45910.0209039774,49522.2369665887,54242.0546770039,52428.5957626253,61757.9493064483,71314.774196294,73191.1163154337
GDP per capita (current US$),NY.GDP.PCAP.CD,India,IND,367.556618107371,443.314204000774,1101.96091934604,1357.56370057352,1458.10314488683,1443.87952939042,1449.6059123387,1573.88149211052,1605.60543109026,1729.26802051544,1981.49904456819,2015.59048548675
GDP per capita (current US$),NY.GDP.PCAP.CD,Indonesia,IDN,585.076549951004,780.190200986579,2261.24722374577,3122.3628152165,3643.04393616103,3694.34894603237,3623.91158235135,3491.62479085767,3331.69512758628,3562.84575641971,3836.91381389271,3893.59607757239
GDP per capita (current US$),NY.GDP.PCAP.CD,"Iran, Islamic Rep.",IRN,2214.32749205514,1670.00946997849,5677.88852169889,6603.21226914401,7818.05723219579,7927.64754158673,6111.44060803083,5608.6025115113,4916.08593793143,5265.90663458425,5627.74926845456,..
GDP per capita (current US$),NY.GDP.PCAP.CD,Iraq,IRQ,10326.9216621259,..,3853.94093481185,4657.28042580536,6045.49555071698,6836.0273134631,7076.87717988865,6818.8046210291,4989.80307473071,4649.46811513804,5143.66123200793,5878.03856646219
GDP per capita (current US$),NY.GDP.PCAP.CD,Ireland,IRL,14048.1062048571,26241.3646146973,52105.1524837739,48711.9499293773,51943.9631760903,48945.980232793,51665.1783058145,55628.1827105136,61908.7945308607,63558.6979263338,68941.8066532278,77449.7204939221
GDP per capita (current US$),NY.GDP.PCAP.CD,Isle of Man,IMN,..,20322.9461485526,65031.3318703261,69766.5211886388,77351.9588821432,76104.681367227,80431.6727965138,88974.2286497928,81606.2800333934,79155.541672096,..,..
GDP per capita (current US$),NY.GDP.PCAP.CD,Israel,ISR,12644.9301213164,21027.7817338309,27713.447029768,30659.1277511137,33701.213098687,32543.4551534637,36344.315513024,37733.5929188595,35855.2750438447,37371.6269147791,40543.5841665702,41613.9979185485
GDP per capita (current US$),NY.GDP.PCAP.CD,Italy,ITA,20757.0886782131,20051.2421548342,36976.8455340664,35849.3731979401,38334.6838499718,34814.1251168487,35370.2752583755,35396.6657242265,30170.5166036556,30830.9226645832,32155.2058659338,34318.3511241724
GDP per capita (current US$),NY.GDP.PCAP.CD,Jamaica,JAM,1897.68696278779,3384.69486090546,4316.23105265842,4696.84189437613,5100.39695456875,5206.90672221284,4964.8327939275,4817.92592529038,4892.8974467695,4842.04501096139,5060.54492360667,5355.58263932713
GDP per capita (current US$),NY.GDP.PCAP.CD,Japan,JPN,25359.34702031,38532.0408752935,40855.1756354596,44507.6763859172,48167.9972684965,48603.4766497749,40454.4474578903,38109.4121125573,34524.4698609337,38794.3309405515,38331.9793978104,39286.7376488008
GDP per capita (current US$),NY.GDP.PCAP.CD,Jordan,JOR,1166.61027609729,1651.62244254198,3477.97879809556,3656.45367450307,3775.5193031013,3827.29445062868,3952.34031137257,4047.55314185272,4097.41143635249,4109.57481873331,4168.64160383499,4247.76872564413
GDP per capita (current US$),NY.GDP.PCAP.CD,Kazakhstan,KAZ,1647.46323090376,1229.00095844501,7165.22317483703,9070.48825285747,11634.0019047654,12386.7000029472,13890.6317716835,12807.2606866152,10510.7718884148,7714.84184376024,9030.31880602652,9331.04694986684
GDP per capita (current US$),NY.GDP.PCAP.CD,Kenya,KEN,361.328188915652,397.482658777519,905.131786128485,951.687961116879,971.63332904823,1136.87140571776,1210.38801408195,1315.80453537488,1336.8833490495,1410.52757107967,1568.20154066387,1710.51009699983
GDP per capita (current US$),NY.GDP.PCAP.CD,Kiribati,KIR,549.855506598051,796.888174759841,1311.99900201253,1516.81186907787,1735.01835782836,1788.50542068887,1715.76533141614,1642.76259749601,1542.5752495838,1584.80744578963,1625.575969558,1625.28610001512
GDP per capita (current US$),NY.GDP.PCAP.CD,"Korea, Dem. People’s Rep.",PRK,..,..,..,..,..,..,..,..,..,..,..,..
GDP per capita (current US$),NY.GDP.PCAP.CD,"Korea, Rep.",KOR,6516.30575938957,11947.5791282061,18291.9195978633,22086.9529193201,24079.788523886,24358.7821758226,25890.0186698906,27811.36638377,27105.076226264,27608.2474287116,29742.8388613471,31362.75147294
GDP per capita (current US$),NY.GDP.PCAP.CD,Kosovo,XKX,..,1087.76240120887,3209.69410857047,3283.51030374783,3736.36321725391,3600.67347519389,3876.95830210742,4054.72133937609,3574.54333277778,3697.12167678699,3948.08815032105,4281.29232946159
GDP per capita (current US$),NY.GDP.PCAP.CD,Kuwait,KWT,8794.63122894273,18439.9003907245,37539.256022962,38577.3816572031,48618.8822913341,51978.9984836395,49388.1094012499,44062.3050995611,29869.5293908248,27653.1644010105,29474.5414315342,34243.9529098591
GDP per capita (current US$),NY.GDP.PCAP.CD,Kyrgyz Republic,KGZ,609.172891237019,279.620424920086,871.224389337854,880.037775119109,1123.8831680627,1177.97473487848,1282.43716202467,1279.76978265986,1121.08283510739,1120.66651300848,1242.76964282023,1281.36366078545
GDP per capita (current US$),NY.GDP.PCAP.CD,Lao PDR,LAO,203.255969785383,325.186998225846,948.653932285177,1140.59920478703,1378.36136494331,1581.39540349425,1825.66511330676,1998.33521471699,2134.70422381961,2308.80261610221,2423.8462031921,2567.54321653103
GDP per capita (current US$),NY.GDP.PCAP.CD,Latvia,LVA,..,3352.7312961928,12219.3737898048,11326.2194746243,13702.6894696051,13822.8055940347,15032.2820131489,15716.3690672011,13639.6941197963,14133.6829488022,15684.558518649,18088.9272518674
GDP per capita (current US$),NY.GDP.PCAP.CD,Lebanon,LBN,1012.64388071035,4491.63725889302,7371.10063894951,7756.74406876812,7703.38947185733,7985.85494092208,7923.851717266,7712.06284840621,7649.8326108624,7634.94654364282,7838.34338489943,8269.78767551923
GDP per capita (current US$),NY.GDP.PCAP.CD,Lesotho,LSO,350.06083916752,436.488351988266,890.99638326859,1183.42152969065,1391.34143527683,1329.27497081723,1245.24791858887,1279.494446004,1219.17785261068,1119.71975778363,1232.78691893924,1324.282767995
GDP per capita (current US$),NY.GDP.PCAP.CD,Liberia,LBR,..,306.832894733147,470.947619596855,513.445698620224,596.897081053795,657.936256349955,721.930055405248,721.182794835652,710.383857717515,714.623392230031,698.70176435511,674.209484710137
GDP per capita (current US$),NY.GDP.PCAP.CD,Libya,LBY,6514.32150398511,7142.77445181509,10275.266564444,12064.7806924218,5554.1791642315,13025.2813934413,10363.7894894551,6466.91027014384,4337.91913919348,4038.9706833761,5792.06510994303,7235.02811502498
GDP per capita (current US$),NY.GDP.PCAP.CD,Liechtenstein,LIE,49375.3252826544,74853.938729354,126082.492630969,141200.380010278,158156.599825792,149010.224898665,173058.317372602,178845.631017897,167290.939983907,165028.245029187,..,..
GDP per capita (current US$),NY.GDP.PCAP.CD,Lithuania,LTU,..,3297.35470084107,11837.3910271086,11984.8685698823,14357.7352289471,14341.1816279932,15693.7867282599,16545.1226673996,14291.9064174959,14982.5330474739,16809.6482569674,19089.7075056564
GDP per capita (current US$),NY.GDP.PCAP.CD,Luxembourg,LUX,34645.1432443401,48735.995492187,103198.669312625,104965.306078267,115761.507705096,106749.013622989,113625.13289956,118823.648368575,100428.367962681,101305.527723083,104498.738671031,114340.498741773
GDP per capita (current US$),NY.GDP.PCAP.CD,"Macao SAR, China",MAC,9368.36863824419,15710.0869270706,40796.9618339517,52253.1553117325,66644.3853449773,76291.8474900231,89287.4540184115,93777.1067959425,75340.9869811152,73954.9567652342,81208.882074735,86355.407651836
GDP per capita (current US$),NY.GDP.PCAP.CD,Madagascar,MDG,265.676118926057,245.939065850803,415.689403429055,412.730934137725,454.963087350478,443.904749321728,461.720920533436,452.461543061501,402.088311769817,400.036275054268,448.400796541908,460.752780832755
GDP per capita (current US$),NY.GDP.PCAP.CD,Malawi,MWI,199.986342315353,156.385718599912,438.212042916878,478.668589704525,534.951264721663,391.561832360636,348.430269640572,371.269749625713,380.597033140938,315.777326372575,356.717573153369,389.398033178836
GDP per capita (current US$),NY.GDP.PCAP.CD,Malaysia,MYS,2441.74199054895,4043.66205143391,7292.49304372936,9040.56625117172,10399.372753345,10817.4428742856,10970.1232849014,11319.0797572756,9799.36753137135,9671.02471707407,10117.569032569,11238.9573725301
GDP per capita (current US$),NY.GDP.PCAP.CD,Maldives,MDV,963.841785800205,2234.57986558466,6636.41241602952,7076.66242320238,7291.42764039704,7265.61365556669,7928.45736514824,8499.36576172668,9033.3904129872,9282.72355273961,9801.62454193575,10223.6364890278
GDP per capita (current US$),NY.GDP.PCAP.CD,Mali,MLI,317.389306906928,269.871137691703,698.218382466668,709.581964584771,836.509809417356,778.669462492053,805.259668494187,847.150266858533,751.170496562966,779.874933008414,828.613220238384,901.403100689224
GDP per capita (current US$),NY.GDP.PCAP.CD,Malta,MLT,7191.92360259617,11039.0565074511,20675.5825862064,21087.7946931036,22823.4431054898,21931.7476232751,23830.9370579095,25961.3278775346,24046.2753502958,25128.9373782665,27241.0906440045,30074.7411850959
GDP per capita (current US$),NY.GDP.PCAP.CD,Marshall Islands,MHL,1660.12988936134,2185.8353200796,2713.2,2926.74839442217,3064.87237091153,3265.52003808382,3351.02743334855,3202.59710732961,3128.4997997876,3368.80401835975,3516.7143201626,3621.17409480766
GDP per capita (current US$),NY.GDP.PCAP.CD,Mauritania,MRT,501.193398405245,491.842761081949,1079.23393059593,1241.42875580126,1435.6354154142,1411.35283025415,1477.36153924563,1366.80896155962,1194.31251537905,1135.55864615868,1161.78545671604,1218.59640995207
GDP per capita (current US$),NY.GDP.PCAP.CD,Mauritius,MUS,2506.17931226708,3929.07549349379,7318.12640972422,8000.37643182154,9197.02697152061,9291.22761861899,9637.00265000958,10153.9382184867,9260.44730250635,9681.61856689674,10484.9083620411,11238.6903948961
GDP per capita (current US$),NY.GDP.PCAP.CD,Mexico,MEX,3112.26870598472,7157.81449985734,8002.97210649807,9271.39823324639,10203.4208543113,10241.7279153745,10725.1833166036,10922.3760488647,9605.95235103139,8739.14247139677,9281.10148290743,9698.0841865066
GDP per capita (current US$),NY.GDP.PCAP.CD,"Micronesia, Fed. Sts.",FSM,1528.54072128015,2171.52660099439,2718.78319980578,2881.37614054863,3001.47027549541,3120.66962662431,2983.59798349791,2959.62064665041,2894.34501124937,2993.20056253686,3018.39689930827,3058.43181818182
GDP per capita (current US$),NY.GDP.PCAP.CD,Moldova,MDA,..,354.003798172847,1525.52611882763,1958.13369717991,2363.59374904742,2446.7253157714,2668.68303171369,2674.11633164002,2179.23362495857,2272.40570707297,2724.49309280928,3189.35581212262
GDP per capita (current US$),NY.GDP.PCAP.CD,Monaco,MCO,84289.5595438943,82367.9912769359,154762.199426852,150585.448911112,168785.940809485,157515.899069445,177593.351895053,189170.895671097,165920.223639409,169904.18209586,166726.051925682,..
GDP per capita (current US$),NY.GDP.PCAP.CD,Mongolia,MNG,1172.4430658221,474.216896516578,1714.36054504148,2643.29291416763,3757.5586328813,4351.8869200565,4366.07590145025,4158.52571473091,3918.57917389554,3660.15074616061,3671.94841892492,4103.69749259392
GDP per capita (current US$),NY.GDP.PCAP.CD,Montenegro,MNE,..,1627.07263304394,6727.10551982115,6682.28115774575,7318.74469026724,6586.7212793222,7186.43192406181,7378.34528902948,6514.27269528653,7028.93657685094,7784.06528996557,8760.69228579702
GDP per capita (current US$),NY.GDP.PCAP.CD,Morocco,MAR,1206.01183797183,1334.94305104384,2866.92419864666,2839.92516805933,3046.94913644957,2912.65827494029,3121.68117550498,3171.69919227376,2875.25798516781,2897.66343955565,3036.17106160684,3237.88336815666
GDP per capita (current US$),NY.GDP.PCAP.CD,Mozambique,MOZ,193.425952390773,283.225482383085,476.603468856674,431.515471518473,542.890958941165,613.984066002961,626.69775579491,645.248880313608,547.238093853497,391.552894770249,441.61783689092,490.167582289902
GDP per capita (current US$),NY.GDP.PCAP.CD,Myanmar,MMR,..,190.606231910312,734.44600674882,979.051630004942,1176.24245336109,1165.79432896131,1162.33144011893,1251.82076450814,1133.00281580351,1192.49533785043,1249.82875661238,1325.95292370622
GDP per capita (current US$),NY.GDP.PCAP.CD,Namibia,NAM,1944.13762113919,2136.44024281489,4265.25874549596,5324.6170395396,5753.9871478243,5930.54847260768,5694.08263428425,5624.13534097711,5032.88976228194,4786.23530295128,5646.45600733184,5931.45388457263
GDP per capita (current US$),NY.GDP.PCAP.CD,Nauru,NRU,..,..,4456.620561799,4920.94549912269,7227.07492665093,10101.9001734944,10038.9491043601,9872.0325921232,8013.1478400396,7820.9094908345,8844.41714968444,9030.07106447406
GDP per capita (current US$),NY.GDP.PCAP.CD,Nepal,NPL,191.878904234015,229.4902871214,478.173181617538,592.401097450929,699.429337677581,698.466479416086,715.923743046061,743.413381296219,792.552890593381,777.147595512165,900.57390358461,1025.79835586617
GDP per capita (current US$),NY.GDP.PCAP.CD,Netherlands,NLD,21290.8603827045,26149.41107829,52514.0271165323,50950.0343435181,54159.3466126142,50073.0056559308,52184.0618504931,52830.1742328055,45175.2318933798,46007.8529206547,48482.766210439,52978.4361586128
GDP per capita (current US$),NY.GDP.PCAP.CD,New Caledonia,NCL,14800.0286943521,12579.5951055864,..,..,..,..,..,..,..,..,..,..
GDP per capita (current US$),NY.GDP.PCAP.CD,New Zealand,NZL,13663.0216184298,13641.1027183822,28201.2322839936,33692.0108346543,38426.5508077771,39970.4400394577,42949.1422285498,44533.7830906379,38559.5470380365,40026.8521964671,42260.1251767853,41966.0091846374
GDP per capita (current US$),NY.GDP.PCAP.CD,Nicaragua,NIC,241.87647004145,1007.50142861723,1444.37517903758,1503.8675441757,1655.8109631598,1760.46056961056,1811.63803574901,1934.06401099469,2049.85141546244,2107.57423769183,2168.19123997963,2028.89689057351
GDP per capita (current US$),NY.GDP.PCAP.CD,Niger,NER,309.056882927325,158.704974820638,339.143617652222,347.343040654604,374.482864483226,390.119909653729,414.388613126623,427.737226040128,360.853384070947,362.131132274334,375.869489673522,411.688942542622
GDP per capita (current US$),NY.GDP.PCAP.CD,Nigeria,NGA,567.528672858345,567.930736009565,1891.33537046421,2292.44515619082,2520.40416579378,2746.99178858383,2998.07284264118,3222.69353725587,2730.4303237015,2175.99967021858,1968.55958830544,2028.18197017598
GDP per capita (current US$),NY.GDP.PCAP.CD,North Macedonia,MKD,2354.26346244494,1854.14595610107,4544.00883488258,4542.89971678317,5063.78698606358,4698.14129350594,5210.67583028154,5468.48086914212,4840.27312286783,5129.15896023703,5417.64201944282,6083.71894832148
GDP per capita (current US$),NY.GDP.PCAP.CD,Northern Mariana Islands,MNP,..,..,14669.7913014596,14804.2467250931,13571.0582833444,13827.7696967465,14274.2406542056,15278.9078745141,16690.5700968089,22246.7430768136,28163.7848732364,..
GDP per capita (current US$),NY.GDP.PCAP.CD,Norway,NOR,28242.943738533,38146.7153917477,80067.1766382996,87770.2668443401,100711.224780553,101668.170658652,103059.24822759,97199.9190963458,74521.56993249,70941.5252680833,75704.2486981247,81807.198038676
GDP per capita (current US$),NY.GDP.PCAP.CD,Oman,OMN,6448.12768493202,8601.25416998664,16823.7716507022,19281.1656336502,20896.746978071,21923.5480214797,20926.5540495711,20131.9813016555,16150.8872575968,14721.6473328796,15170.3517435517,16418.9269283158
GDP per capita (current US$),NY.GDP.PCAP.CD,Pakistan,PAK,371.678566172355,519.534326794845,957.995680750104,988.754128341182,1164.97612914872,1198.10900052752,1208.90431029644,1251.16410422834,1356.66773135083,1368.45432627629,1466.84309577722,1472.89313366943
GDP per capita (current US$),NY.GDP.PCAP.CD,Palau,PLW,..,7577.04789322167,9992.03171998906,10184.5168476747,10889.5801634263,12168.2823129252,12799.3695331137,13938.2219448542,16593.4899518823,17150.0423131171,16274.9045372866,17317.872619646
GDP per capita (current US$),NY.GDP.PCAP.CD,Panama,PAN,2603.84662236786,4060.32449292618,7576.14046655482,8082.02845866252,9358.25147451101,10722.2836326295,11889.1276274385,12796.0700430496,13630.3079737945,14356.3240541798,15166.124432066,15575.0725482915
GDP per capita (current US$),NY.GDP.PCAP.CD,Papua New Guinea,PNG,697.539572978224,602.186902266008,1626.29898269749,1949.3485595259,2406.89710300961,2790.69958745011,2729.87555089863,2920.77482513456,2679.32671103336,2509.62900700485,2640.153572462,2722.60467940151
GDP per capita (current US$),NY.GDP.PCAP.CD,Paraguay,PRY,1376.16467314413,1663.60525171951,3624.57105807169,4355.93493867734,5322.96375987671,5183.08287691315,5926.83286284344,6102.94323272326,5406.70385708338,5319.41021789703,5680.58076826353,5871.46706441738
GDP per capita (current US$),NY.GDP.PCAP.CD,Peru,PER,1196.58685819634,1955.58800627896,4196.31279301889,5082.35475666351,5869.32307961474,6528.97221785312,6756.75276926556,6679.34194841806,6227.58671646074,6205.37090038145,6700.81138040492,6947.2566270938
GDP per capita (current US$),NY.GDP.PCAP.CD,Philippines,PHL,715.913712086446,1038.90853988362,1821.52394073725,2124.05676974627,2345.32775427825,2572.62942497398,2749.38663574006,2831.31666726863,2867.15199022128,2941.21203999356,2981.93415144162,3102.71336329931
GDP per capita (current US$),NY.GDP.PCAP.CD,Poland,POL,1731.20953112388,4492.73963176594,11527.5932279825,12599.5335818707,13893.509259001,13145.5392627865,13781.0626053813,14347.9145754456,12572.3218484765,12431.5754242492,13861.0515579074,15424.0460254454
GDP per capita (current US$),NY.GDP.PCAP.CD,Portugal,PRT,7885.39401919224,11502.3968126428,23063.9716141302,22538.6540773482,23196.1837500759,20577.4026375899,21618.7353389663,22077.5361325219,19252.6349536042,19977.3984908279,21291.430881308,23145.7348414564
GDP per capita (current US$),NY.GDP.PCAP.CD,Puerto Rico,PRI,8652.50749222505,16192.1269719638,25768.7258883384,26435.74878578,27278.8830499205,27944.7338937424,28513.1657351067,28981.4573305866,29764.0538920397,30628.7547758033,31353.4341794183,31651.3481514031
GDP per capita (current US$),NY.GDP.PCAP.CD,Qatar,QAT,15454.0823281296,29976.117039047,59094.4449369175,67403.1602978106,82409.5803345471,85076.1479273998,85050.9109716822,83858.5283798723,63039.0165548075,57163.0609918357,61264.3964777979,69026.4688025751
GDP per capita (current US$),NY.GDP.PCAP.CD,Romania,ROU,1680.70562287227,1659.90763954548,8548.11867218639,8209.9194562169,9104.99562203019,8535.0468756267,9555.2442173314,10026.9735781794,8977.49854425137,9567.0977819133,10792.9562796666,12301.1864034302
GDP per capita (current US$),NY.GDP.PCAP.CD,Russian Federation,RUS,3485.11230559947,1771.59782952435,8562.81369694433,10674.9972024225,14351.2120537731,15434.5747807082,16007.089993444,14100.7291028658,9313.78754166624,8745.37511648808,10750.5871197198,11288.8724435206
GDP per capita (current US$),NY.GDP.PCAP.CD,Rwanda,RWA,349.873357553015,228.637709623675,549.240041071574,576.049201001347,637.628438297439,695.274082936241,704.980159418804,723.281840989822,728.081757390407,726.353048999624,762.499163641385,772.967838382225
GDP per capita (current US$),NY.GDP.PCAP.CD,Samoa,WSM,772.505849126603,1542.06673580116,3039.50848427914,3458.18871513762,3946.17308402948,4237.01462989779,4219.90973818392,4188.73367854175,4155.27935285323,4043.69399975932,4307.80546397731,4392.46775479595
GDP per capita (current US$),NY.GDP.PCAP.CD,San Marino,SMR,..,40124.459901621,76686.0212987512,68496.3606802049,64890.2388634279,56068.4345458956,57302.6880026149,54282.8097987205,45774.5878900486,46692.3510916145,48494.5514112427,..
GDP per capita (current US$),NY.GDP.PCAP.CD,Sao Tome and Principe,STP,..,..,1067.91733397689,1094.71063611153,1263.86552259429,1340.52650698418,1577.02232910998,1782.7977562404,1595.86142275725,1710.13394767919,1811.00963265499,2001.14090226164
GDP per capita (current US$),NY.GDP.PCAP.CD,Saudi Arabia,SAU,7246.01636663312,9171.33014480091,16113.1424853358,19262.5476811757,23745.8016143404,25243.3586984024,24844.7443709487,24463.9031638501,20627.9327820675,19879.2975304177,20803.7425657324,23219.1304831033
GDP per capita (current US$),NY.GDP.PCAP.CD,Senegal,SEN,961.573946470954,604.654066013211,1317.23568743243,1278.97775412843,1371.72335307897,1330.0574481376,1375.67875390488,1394.79474326494,1218.76424640812,1269.04040702421,1367.21894802796,1521.9535542169
GDP per capita (current US$),NY.GDP.PCAP.CD,Serbia,SRB,..,870.136314534033,6169.11419477823,5735.42285659849,6809.15980400146,6015.94522756969,6755.07351070594,6600.0566499116,5585.1178082606,5756.38119351044,6284.192671588,7233.99587424704
GDP per capita (current US$),NY.GDP.PCAP.CD,Seychelles,SYC,5302.84372714197,7578.85105298846,9706.95605963959,10804.6844747547,12189.0951601357,12006.68296237,14765.6739800428,14700.3343408386,14745.3414620288,15077.8390242853,15683.6564988559,16433.9352865158
GDP per capita (current US$),NY.GDP.PCAP.CD,Sierra Leone,SLE,150.389032266233,138.698692243778,391.201005316528,401.835001366837,448.337525527861,566.378656937493,716.835304734774,714.700712388696,588.228452702849,501.415712857832,499.38070781976,522.858128404118
GDP per capita (current US$),NY.GDP.PCAP.CD,Singapore,SGP,11861.7561591366,23852.3270285975,38927.2068817715,47236.9602345421,53890.4287270504,55546.4885386921,56967.4257940383,57562.5307937678,55646.6187469505,56724.1703858863,60297.7937806208,64581.9440183954
GDP per capita (current US$),NY.GDP.PCAP.CD,Sint Maarten (Dutch part),SXM,..,..,..,..,..,..,..,..,..,..,..,..
GDP per capita (current US$),NY.GDP.PCAP.CD,Slovak Republic,SVK,2395.56458240433,5402.9297536132,16512.9819723317,16600.6135880385,18187.1574419478,17274.6423040509,18191.612786163,18629.7796630086,16182.3037239884,16544.2278104487,17579.2593991421,19546.9019028513
GDP per capita (current US$),NY.GDP.PCAP.CD,Slovenia,SVN,9073.70874128931,10227.7367703685,24633.7978523083,23437.4720211387,24985.2482718393,22532.4356384588,23357.939198652,24194.974352808,20887.5196403428,21617.5798546719,23449.5745165237,26234.0228962506
GDP per capita (current US$),NY.GDP.PCAP.CD,Solomon Islands,SLB,970.016054620333,1054.38824573508,1160.30164763159,1290.39877914169,1722.41811261585,1913.23202227315,1977.45141074327,1996.78117583183,1914.46792551698,1990.0314969426,2077.12603765032,2162.65180398781
GDP per capita (current US$),NY.GDP.PCAP.CD,Somalia,SOM,..,..,..,..,..,..,496.10652529156,488.856978672603,483.358961660611,482.178564791491,488.583306503977,498.662260528511
GDP per capita (current US$),NY.GDP.PCAP.CD,South Africa,ZAF,3139.99133763448,3032.43951878748,5862.79734021167,7328.61562893966,8007.41284634441,7501.37861403795,6828.98939308861,6428.26726092815,5733.12256865859,5262.05288581397,6120.5068002413,6339.57435433862
GDP per capita (current US$),NY.GDP.PCAP.CD,South Sudan,SSD,..,..,1337.89274868344,1654.05567593957,1813.3705147154,1025.22992539902,1280.30719725591,1258.37812681629,1154.80094905878,283.487801728826,..,..
GDP per capita (current US$),NY.GDP.PCAP.CD,Spain,ESP,13767.3814721712,14676.7060880231,32334.0054777912,30736.6278530812,31835.2888008408,28563.8590381915,29211.7737455935,29623.1644451343,25817.3866083761,26622.2991436203,28208.2610532181,30523.8592390474
GDP per capita (current US$),NY.GDP.PCAP.CD,Sri Lanka,LKA,463.618631805931,869.696516609157,2090.4018261396,2799.64887619972,3200.83382914016,3350.52187589289,3610.28936304898,3819.25352972265,3843.78067184442,3886.29150165239,4104.63098320435,4102.48135014467
GDP per capita (current US$),NY.GDP.PCAP.CD,St. Kitts and Nevis,KNA,5396.53016164777,9836.19582836556,15783.5838560159,15643.5668199046,16557.690719431,16044.1161268912,16878.1904573943,18057.615305661,18286.3193850042,18575.7517331181,19060.5707200677,19829.4283169728
GDP per capita (current US$),NY.GDP.PCAP.CD,St. Lucia,LCA,3756.21884375319,5323.37535680248,7425.0266722323,8037.47296712228,8227.39408163575,8139.89204607164,8343.79537356784,8650.81828137645,9160.73415733431,9377.88685788397,10003.2598650984,10315.0260751215
GDP per capita (current US$),NY.GDP.PCAP.CD,St. Martin (French part),MAF,..,..,..,..,..,..,..,..,..,..,..,..
GDP per capita (current US$),NY.GDP.PCAP.CD,St. Vincent and the Grenadines,VCT,2236.28877407421,3676.43964197256,6232.71936134053,6292.78982922694,6242.19328083946,6390.31438871896,6639.62179139933,6684.8036221569,6921.40975020217,7041.56080428349,7149.63086622199,7377.67883199414
GDP per capita (current US$),NY.GDP.PCAP.CD,Sudan,SDN,483.952592007859,366.172807593807,1238.18084548838,1489.87691083872,1672.1032945892,1882.24677012331,1943.91645802007,2163.15589835214,2486.74565866274,2398.10187999332,3015.02442975186,977.273635724417
GDP per capita (current US$),NY.GDP.PCAP.CD,Suriname,SUR,958.614698100541,2012.26028656387,7408.66767388863,8255.7968587048,8263.17292305383,9201.00878530056,9402.23313695562,9472.00759951427,8561.97417855142,5606.71207532403,5379.11941495353,5950.21394733953
GDP per capita (current US$),NY.GDP.PCAP.CD,Sweden,SWE,30196.0564643087,29323.2077637698,46256.2379366405,52132.9185271581,59666.0720198904,57197.1993076414,60347.6874885834,59241.6063787415,50832.5527092655,51617.5403524643,53253.4766411192,54111.9721723671
GDP per capita (current US$),NY.GDP.PCAP.CD,Switzerland,CHE,38428.3855023167,37868.3230595798,69927.4687701171,74605.7210207051,88415.6280609527,83538.2300783858,85112.4643984141,86605.5633762421,82081.5971239792,80037.5030399055,80333.4449447719,82838.9294445761
GDP per capita (current US$),NY.GDP.PCAP.CD,Syrian Arab Republic,SYR,988.94867216421,1177.62926773348,..,..,..,..,..,..,..,..,..,..
GDP per capita (current US$),NY.GDP.PCAP.CD,Tajikistan,TJK,497.632026083843,138.428879512683,676.12341925805,749.552711015842,847.382101810518,969.296473144289,1048.22729256115,1104.17168941376,929.095857223746,802.518004052824,806.041573098044,826.621530538704
GDP per capita (current US$),NY.GDP.PCAP.CD,Tanzania,TZA,173.790639184874,410.952327593101,695.216776812045,743.403784726004,781.437014324276,867.867680563228,970.416938425046,1030.09291747653,947.933446487903,966.474622354379,1004.84112066441,1050.67525379846
GDP per capita (current US$),NY.GDP.PCAP.CD,Thailand,THA,1508.94273670514,2007.73636311799,4213.00154064051,5076.34299245077,5492.11542712668,5860.58061021939,6168.26489540709,5951.88370233604,5840.04694787593,5978.61145407809,6578.18886493522,7273.56320732092
GDP per capita (current US$),NY.GDP.PCAP.CD,Timor-Leste,TLS,..,497.131415702736,2978.43730330275,3656.95217543315,5095.48904274158,5879.69978194615,4888.31712299426,3441.65057088198,2585.15387819439,2053.27379771613,2000.60119103569,2035.53390768881
GDP per capita (current US$),NY.GDP.PCAP.CD,Togo,TGO,431.450159769201,302.206394294343,538.441951576399,533.508791977233,586.328841545215,571.839428880573,621.222259778549,640.081611119276,570.680737075619,587.874409389324,619.066370987019,671.840687558773
GDP per capita (current US$),NY.GDP.PCAP.CD,Tonga,TON,1194.54103416891,2065.50266053231,3062.53309062159,3553.22061448636,4084.6241317437,4597.74230534531,4428.56648134984,4393.9408110033,4320.63799011384,3966.15652021899,4217.47650679527,4364.01556134949
GDP per capita (current US$),NY.GDP.PCAP.CD,Trinidad and Tobago,TTO,4150.30185502442,6435.16468252829,14514.1417224997,16683.3553787376,19034.1491966652,19161.9599135545,20026.7875344705,20169.6530123585,18332.4903052311,15786.1205236442,16076.0820382225,16843.701611713
GDP per capita (current US$),NY.GDP.PCAP.CD,Tunisia,TUN,1491.12212876029,2211.82681728547,4128.46278261191,4141.97635336459,4264.67494604737,4152.67858707583,4222.70324540611,4305.47416504834,3859.8144363739,3698.56507526382,3494.31886448228,3446.60723792022
GDP per capita (current US$),NY.GDP.PCAP.CD,Turkey,TUR,2794.35039016178,4316.54890770477,9038.52014980388,10672.3892452162,11335.5105096808,11707.2597122125,12519.3914259008,12095.8545719465,10948.7246068236,10820.633842346,10499.7455731688,9311.36611728167
GDP per capita (current US$),NY.GDP.PCAP.CD,Turkmenistan,TKM,865.789417037966,643.174725992465,4036.4559987796,4439.20038235805,5649.95227819669,6675.18565772239,7304.28713230982,7962.23909840679,6432.68070195019,6389.54840833488,6587.09031628698,6966.63541063077
GDP per capita (current US$),NY.GDP.PCAP.CD,Turks and Caicos Islands,TCA,..,..,22019.6577315714,21028.4081445193,21835.0831410852,21009.8858098984,21328.9790101063,23296.3369051995,24832.5963703066,25995.1724609535,25933.6074363465,27142.2277976902
GDP per capita (current US$),NY.GDP.PCAP.CD,Tuvalu,TUV,990.064819950998,1462.85469981826,2599.89570138916,3022.28882031784,3640.86143317968,3507.93691138349,3454.6849532077,3398.81894157592,3197.79564502867,3255.89486619818,3572.60836706326,3700.71067713471
GDP per capita (current US$),NY.GDP.PCAP.CD,Uganda,UGA,248.029367198959,261.868997701026,578.423056421838,622.498845744984,602.684651383698,668.832461950198,689.154814165601,739.373926961991,709.021038589161,608.705735097409,631.522719792278,643.139670191672
GDP per capita (current US$),NY.GDP.PCAP.CD,Ukraine,UKR,1569.73943340979,635.708963537223,2542.99713594958,2965.14236549771,3569.75702740477,3855.4212801318,4029.71550372131,3104.65829575449,2124.66266591114,2187.73199668415,2640.67567655839,3095.17358053586
GDP per capita (current US$),NY.GDP.PCAP.CD,United Arab Emirates,ARE,27729.4664216648,33291.419366353,32024.1816031187,33893.303514039,39194.6766208456,40976.4997112455,42412.6302780364,43751.8388860721,38663.3838066363,38141.8467585492,40325.3820005643,43004.9486462341
GDP per capita (current US$),NY.GDP.PCAP.CD,United Kingdom,GBR,19095.4669984608,27987.7511611116,38454.2265003904,39079.8426055813,41652.5570850153,42018.7254635533,42938.4251760491,46967.6681352092,44472.1517014461,40539.9196069162,39932.0602923845,42491.3644350973
GDP per capita (current US$),NY.GDP.PCAP.CD,United States,USA,23888.6000088133,36334.9087770589,47099.9804711343,48466.8233750801,49883.1139837344,51603.4972614412,53106.9097703155,55032.9579979166,56803.4724334919,57904.2019610641,59927.9298339535,62641.0140973573
GDP per capita (current US$),NY.GDP.PCAP.CD,Uruguay,URY,2990.3642477705,6875.02132755276,9451.93244869934,11992.0166261774,14236.681188686,15171.5846634188,16973.6742130217,16831.9729440778,15613.7642726429,15387.1440299446,16437.2448692778,17277.9701105496
GDP per capita (current US$),NY.GDP.PCAP.CD,Uzbekistan,UZB,651.419206137363,558.226802377,1213.26532816388,1377.08214046938,1564.96694510875,1740.4682979775,1907.56170445805,2492.33664277468,2615.025134487,2567.79941835001,1826.56703999223,1532.37163919396
GDP per capita (current US$),NY.GDP.PCAP.CD,Vanuatu,VUT,1080.67245018643,1470.57226526613,2649.61814352873,2966.85711598678,3264.5370165591,3133.09020920348,3124.23307756588,3088.25830265504,2721.63593635591,2830.96528369865,2976.1071160324,3033.40814644607
GDP per capita (current US$),NY.GDP.PCAP.CD,"Venezuela, RB",VEN,2475.38047254573,4842.03720158812,11765.1001763251,13825.3580883312,10955.3499126366,12985.5053251065,12456.7124535391,16054.4905130962,..,..,..,..
GDP per capita (current US$),NY.GDP.PCAP.CD,Vietnam,VNM,95.1882501808876,390.093326052633,1217.26855530412,1317.89070617836,1525.11598800104,1735.14127643805,1886.67189633671,2030.26195473318,2085.10148409879,2192.21453866566,2365.62166567374,2563.82073058085
GDP per capita (current US$),NY.GDP.PCAP.CD,Virgin Islands (U.S.),VIR,..,..,38771.2743877127,40043.1901659314,39144.1657740184,37849.7287205036,34819.1477546185,33573.0970301435,34797.14046978,35931.5412519766,35938.0243875154,..
GDP per capita (current US$),NY.GDP.PCAP.CD,West Bank and Gaza,PSE,..,1476.17185000238,1970.18296337398,2354.12598671847,2695.19385339015,2834.02152463393,3060.3123893102,3046.82179844817,2967.85174651975,3074.29115236515,3254.48588658763,3198.86664447405
GDP per capita (current US$),NY.GDP.PCAP.CD,"Yemen, Rep.",YEM,482.247874017314,554.448633427793,1116.08459430356,1334.78484461341,1374.62131310366,1446.53628022096,1607.15227488681,1674.00276613816,1608.7443121263,1139.87056813026,963.494720967854,944.408499373419
GDP per capita (current US$),NY.GDP.PCAP.CD,Zambia,ZMB,408.769534724677,345.689554372848,1159.90776214745,1489.45906989027,1672.94982959625,1763.09418353303,1878.90348886702,1763.05623909703,1332.19432103691,1280.57844679257,1534.86537052245,1539.90015779907
GDP per capita (current US$),NY.GDP.PCAP.CD,Zimbabwe,ZWE,841.972989778691,563.057741053574,771.598785915315,948.33185445926,1093.65400227511,1304.96980167411,1430.00081795572,1434.89934002278,1445.07106198798,1464.58352903946,1602.40350699048,2146.99638487707
GDP per capita (current US$),NY.GDP.PCAP.CD,Arab World,ARB,2007.16332476524,2603.87206925193,5182.36388130857,5945.67855757046,6889.09180617429,7503.17418436682,7551.28283362298,7497.72692481426,6458.70225830363,6202.6904062711,6284.73772306094,6625.50731891516
GDP per capita (current US$),NY.GDP.PCAP.CD,Caribbean small states,CSS,2989.00230246152,5247.24545768785,8400.74956742485,9075.70645677664,9743.61978631447,10007.3711480199,10090.0273352948,10149.1971206975,9916.66667364213,9242.03517827813,9442.91279388821,9910.39788515969
GDP per capita (current US$),NY.GDP.PCAP.CD,Central Europe and the Baltics,CEB,2368.09790992463,3943.33912219781,12288.0249139147,12567.4049958914,13872.6154104473,12998.6652692918,13710.0806155707,14152.3938349267,12467.4501758696,12773.7838358706,14167.6491028513,15902.2996108263
GDP per capita (current US$),NY.GDP.PCAP.CD,Early-demographic dividend,EAR,896.463340051947,1332.57310611718,2456.733986016,2938.87973238544,3246.21183717684,3354.50324262499,3367.69620722823,3439.54674295685,3291.52860729649,3321.45729935824,3545.02222103627,3581.45598228119
GDP per capita (current US$),NY.GDP.PCAP.CD,East Asia & Pacific,EAS,2597.05460777102,4044.31859056215,6626.67614626843,7673.74164598445,8836.85459383182,9392.8954260587,9433.15053493532,9647.92955526283,9526.57630400184,9766.12286889876,10332.8322621933,11132.2296645573
GDP per capita (current US$),NY.GDP.PCAP.CD,East Asia & Pacific (excluding high income),EAP,413.033771111908,955.250040834473,3325.11235135643,4002.5996527919,4855.83297345441,5375.71557321558,5887.59608281958,6282.87532190418,6487.75690206452,6554.7912428556,7081.77637859757,7820.71227950796
GDP per capita (current US$),NY.GDP.PCAP.CD,East Asia & Pacific (IDA & IBRD countries),TEA,417.468020288685,965.487822087593,3360.68299270692,4045.41106826281,4907.6917430464,5432.98087599952,5950.1873771972,6349.52185871823,6556.42041891565,6623.97818901189,7156.32031869716,7902.8493462945
GDP per capita (current US$),NY.GDP.PCAP.CD,Euro area,EMU,18864.6796938576,20181.6238796925,38511.1866692587,37635.9281145018,40639.333535278,37635.4904065066,39143.0670710693,39885.0614326076,34411.2547409351,35180.7495786533,37034.08536758,39995.9743148978
GDP per capita (current US$),NY.GDP.PCAP.CD,Europe & Central Asia,ECS,10490.2949770596,11627.6786214772,23128.7248996252,23572.5587811325,26053.5417830546,25011.1243788226,26014.4140953724,26250.3026460845,22499.5877470366,22330.6631411294,23512.0943586459,25069.7725453601
GDP per capita (current US$),NY.GDP.PCAP.CD,Europe & Central Asia (excluding high income),ECA,2420.04181620094,1779.10222231319,6561.73012945425,7773.1697146638,9555.60926934801,10063.0267929943,10633.8432778288,9885.82858131738,7517.91247803331,7161.5135534936,7979.76034048572,8125.76906050684
GDP per capita (current US$),NY.GDP.PCAP.CD,Europe & Central Asia (IDA & IBRD countries),TEC,2382.55276502934,2049.53226928544,7071.71473546076,8249.42246508424,9976.51225029488,10356.8665672757,10929.8309202302,10297.3322234395,7981.26709766435,7648.51844554889,8516.29187660813,8788.47217036791
GDP per capita (current US$),NY.GDP.PCAP.CD,European Union,EUU,15864.9407472374,18250.3093103516,34035.8239028828,33729.2116139824,36457.4123798002,34284.5430832961,35635.9083305173,36736.5662331351,32265.0817082989,32379.6474642096,33864.166064228,36531.7308293553
GDP per capita (current US$),NY.GDP.PCAP.CD,Fragile and conflict affected situations,FCS,..,653.599877373865,1296.21369814888,1510.91623128527,1611.69170026739,1812.54833741091,1843.2830233592,1820.53820058653,1604.23723584614,1505.74077960332,1645.14445725453,1615.16029158997
GDP per capita (current US$),NY.GDP.PCAP.CD,Heavily indebted poor countries (HIPC),HPC,379.446160623657,344.395900441645,706.488139402619,759.414401867423,825.36836172123,863.611444679249,937.130037262808,963.564635458931,919.60137381863,916.401453980508,990.586869563415,931.082905228974
GDP per capita (current US$),NY.GDP.PCAP.CD,High income,HIC,18824.5840418409,25593.379923017,37632.6843820342,39169.9121786448,42067.6065477945,41867.9310250033,42121.8194812579,42776.4494190336,40165.461323874,40763.0858603254,42346.1732461324,44705.8730597169
GDP per capita (current US$),NY.GDP.PCAP.CD,IBRD only,IBD,995.930594905985,1457.7847151109,3759.5775024226,4520.90479480213,5288.37990511302,5566.43522352931,5825.14161088833,5957.28889972233,5569.06018198571,5547.9906360298,6052.03861067607,6383.67595205185
GDP per capita (current US$),NY.GDP.PCAP.CD,IDA & IBRD total,IBT,880.754650181122,1236.24191987118,3099.73811643787,3702.8217851557,4308.06761015059,4525.24798076262,4733.18371085148,4842.61387200083,4525.15738958524,4483.51940392346,4858.92833931345,5094.65262563418
GDP per capita (current US$),NY.GDP.PCAP.CD,IDA blend,IDB,525.212463269405,547.648498179529,1348.86693725323,1537.54863344858,1733.90690025164,1864.97324943436,1981.71397864084,2125.49064561093,1973.22411235597,1787.14029237199,1733.46049894139,1783.29905551662
GDP per capita (current US$),NY.GDP.PCAP.CD,IDA only,IDX,347.742624341655,359.597964605363,740.923946377821,823.477935869044,904.086198015855,932.959874719449,1013.07363190011,1065.61888323037,1056.80539479127,1060.14406372819,1147.04662371405,1126.02737880294
GDP per capita (current US$),NY.GDP.PCAP.CD,IDA total,IDA,409.368816465468,424.53363502013,948.631559914227,1068.20470013323,1189.37726074472,1254.49141653378,1347.17959665575,1431.89664554251,1372.6353315118,1308.99675157711,1345.32433324963,1349.6294318427
GDP per capita (current US$),NY.GDP.PCAP.CD,Late-demographic dividend,LTE,1099.81529422064,1662.98846982941,5192.32832948046,6190.07010495879,7501.20416134037,7976.08038533614,8546.80979245608,8799.33160834564,8192.17544618921,8142.69421072263,8943.25320963468,9684.10462115806
GDP per capita (current US$),NY.GDP.PCAP.CD,Latin America & Caribbean,LCN,2665.29051517606,4389.80165179991,7386.95382570994,9058.33021954668,10184.8526160037,10177.5629651185,10316.4888179922,10405.4842992802,8856.92881680014,8561.87535815475,9397.62070912358,9023.50482339477
GDP per capita (current US$),NY.GDP.PCAP.CD,Latin America & Caribbean (excluding high income),LAC,2595.25548271603,4223.89931247029,7106.03759523029,8760.29919491797,9861.54846721271,9815.65085298267,9927.19902249796,10050.9592231491,8449.22341410051,8131.54100916324,8959.80202540338,8527.55021502256
GDP per capita (current US$),NY.GDP.PCAP.CD,Latin America & the Caribbean (IDA & IBRD countries),TLA,2597.78017414547,4305.78670762879,7265.38901335598,8974.00798405259,10119.5234712874,10102.2956283774,10237.8071688908,10322.9423922317,8716.40675812638,8404.75274205975,9253.66648399388,8881.07710477437
GDP per capita (current US$),NY.GDP.PCAP.CD,Least developed countries: UN classification,LDC,318.06648580467,323.699705135628,716.482628389364,804.022644319157,901.512716083744,940.308857628177,994.315413307272,1055.07852108546,1019.80550465952,996.431978125181,1092.65396589394,1042.15688567211
GDP per capita (current US$),NY.GDP.PCAP.CD,Low & middle income,LMY,863.192157902299,1188.30231381043,2996.86674233851,3588.5722509777,4182.32792842825,4404.94673532867,4608.14246581582,4719.20275686925,4418.26365572421,4378.15729093091,4743.06386199689,4967.75298688839
GDP per capita (current US$),NY.GDP.PCAP.CD,Low income,LIC,307.587202424895,314.442032596223,595.788536011103,638.231008539885,696.494941284549,733.24722953866,783.179075828415,822.026203940177,790.891131184989,737.007061489546,766.517216376315,811.178536682247
GDP per capita (current US$),NY.GDP.PCAP.CD,Lower middle income,LMC,484.693690510023,566.618410596947,1377.37748326107,1659.70839437519,1845.60786653571,1907.16161491627,1962.1322929001,2040.16551129978,1995.94054376292,2049.09322458204,2187.49882855239,2218.89974912334
GDP per capita (current US$),NY.GDP.PCAP.CD,Middle East & North Africa,MEA,2166.16808973216,3066.47112815303,6267.59118079386,7172.82868411549,8331.94877208993,8895.13543791559,8667.95171632013,8540.72335084664,7388.59393899238,7264.07956781543,7422.02790339989,8056.95043362745
GDP per capita (current US$),NY.GDP.PCAP.CD,Middle East & North Africa (excluding high income),MNA,..,1617.28086059971,3658.7978722426,4157.8760985776,4629.72256159212,5010.58188418024,4623.35241080676,4469.44424435896,3960.76990554289,3924.92335710536,3817.68617419562,..
GDP per capita (current US$),NY.GDP.PCAP.CD,Middle East & North Africa (IDA & IBRD countries),TMN,..,1618.59715477627,3678.17806961019,4178.6853719103,4652.15790509863,5036.02618689012,4641.49594213648,4485.98378975453,3972.17573308275,3934.6167024567,3823.83320020438,..
GDP per capita (current US$),NY.GDP.PCAP.CD,Middle income,MIC,910.984720423999,1272.37346203347,3261.22517382095,3916.5887196724,4574.34268814012,4823.5332016916,5050.44577555931,5176.45363633362,4850.3466122434,4817.17609489435,5229.03176445357,5483.97202284359
GDP per capita (current US$),NY.GDP.PCAP.CD,North America,NAC,23645.6143148159,35147.8765944311,46483.0250862199,48373.7003720683,50110.0556704887,51703.2673378574,53052.7900765942,54618.8466196986,55476.8967063389,56340.176507086,58434.030875745,60968.0621546807
GDP per capita (current US$),NY.GDP.PCAP.CD,Not classified,INX,..,..,..,..,..,..,..,..,..,..,..,..
GDP per capita (current US$),NY.GDP.PCAP.CD,OECD members,OED,17465.1243224734,23658.5520906224,34569.8280365075,35981.4353992961,38473.988504588,38185.8504548049,38444.7537576297,39000.2966047222,36603.7180811874,37070.560613065,38407.7692808778,40351.5440292243
GDP per capita (current US$),NY.GDP.PCAP.CD,Other small states,OSS,3139.69250376042,4384.19916353675,10985.720160217,12462.8918380439,15048.7563655526,15464.6514243882,15705.6605527282,15831.0856726249,12832.0401307779,12404.2014376453,13422.2439405735,14681.8913483276
GDP per capita (current US$),NY.GDP.PCAP.CD,Pacific island small states,PSS,1429.17491642347,1755.00392620736,2642.20370081301,2897.48396856551,3404.54485018573,3591.8513785863,3676.08082026323,3945.60308325754,3782.03277671077,3885.78208827538,4080.52619674354,4192.61845547684
GDP per capita (current US$),NY.GDP.PCAP.CD,Post-demographic dividend,PST,19031.721465471,25734.3028603842,38069.2185899195,39509.7953694002,42293.5887856437,42071.3082246591,42297.6867756693,42966.7300271838,40474.3375742049,41182.4280377386,42724.0824887603,45066.3864630919
GDP per capita (current US$),NY.GDP.PCAP.CD,Pre-demographic dividend,PRE,468.318856359485,436.820437774093,1205.69308482261,1386.53892248068,1572.97994065682,1684.11632873211,1789.07184500342,1859.78722790471,1585.58475949801,1403.4323743111,1457.87669385646,1427.8279125479
GDP per capita (current US$),NY.GDP.PCAP.CD,Small states,SST,2984.75624556543,4399.76205384537,9938.97647383798,11191.4953095239,13284.4872386192,13672.58755587,13888.5191819715,14024.729705819,11732.1733942695,11298.8194116751,12125.1629561174,13202.4231194485
GDP per capita (current US$),NY.GDP.PCAP.CD,South Asia,SAS,359.266954886648,447.445334480446,1042.01348302825,1257.66949007979,1367.33878670159,1364.44160182409,1381.88130902405,1494.46118802073,1541.83581285704,1648.67847916526,1867.27224804395,1905.76640960073
GDP per capita (current US$),NY.GDP.PCAP.CD,South Asia (IDA & IBRD),TSA,359.266954886648,447.445334480447,1042.01348302825,1257.66949007979,1367.33878670159,1364.44160182409,1381.88130902405,1494.46118802073,1541.83581285704,1648.67847916526,1867.27224804395,1905.76640960073
GDP per capita (current US$),NY.GDP.PCAP.CD,Sub-Saharan Africa,SSF,661.39183016828,596.414605724777,1357.61844494862,1576.17600390091,1738.47572046513,1782.40854267659,1844.5772487023,1885.50912185369,1669.08836756734,1511.18440801857,1598.96809517926,1573.94328689062
GDP per capita (current US$),NY.GDP.PCAP.CD,Sub-Saharan Africa (excluding high income),SSA,660.756720667927,595.556824405395,1356.7565393121,1575.22275756415,1737.45257087062,1781.42506295342,1843.34454032465,1884.30053688687,1667.86109476848,1509.92828816108,1597.68272667085,1572.60984199739
GDP per capita (current US$),NY.GDP.PCAP.CD,Sub-Saharan Africa (IDA & IBRD countries),TSS,661.39183016828,596.414605724777,1357.61844494862,1576.17600390091,1738.47572046513,1782.40854267659,1844.5772487023,1885.50912185369,1669.08836756734,1511.18440801857,1598.96809517926,1573.94328689062
GDP per capita (current US$),NY.GDP.PCAP.CD,Upper middle income,UMC,1296.5219968253,1967.25450129251,5270.58937697471,6344.15296922434,7533.00586324975,8009.52557126235,8448.56449915141,8651.29022657888,8032.48945868025,7921.73434800409,8663.27388957464,9200.4539541089
GDP per capita (current US$),NY.GDP.PCAP.CD,World,WLD,4279.86329992691,5491.57434781622,8820.88481795176,9538.84465892391,10473.6922343266,10589.2267194676,10764.2401955803,10928.9614177928,10217.5440197826,10248.1111249672,10768.9633561707,11296.7825551582
,,,,,,,,,,,,,,,
,,,,,,,,,,,,,,,
,,,,,,,,,,,,,,,
Data from database: World Development Indicators,,,,,,,,,,,,,,,
Last Updated: 06/28/2019,,,,,,,,,,,,,,,
